position,kanji,keyword_6th_ed,jlpt,weight,introduced_by_component,components
1,車,car,N5,100,INITIAL,
2,子,child,N5,100,INITIAL,
3,日,day,N5,100,INITIAL,
4,食,eat,N5,100,INITIAL,
5,八,eight,N5,100,INITIAL,
6,入,enter,N5,100,INITIAL,
7,父,father,N5,100,INITIAL,
8,火,fire,N5,100,INITIAL,
9,金,gold,N5,100,INITIAL,
10,大,large,N5,100,INITIAL,
11,生,life,N5,100,INITIAL,
12,小,little,N5,100,INITIAL,
13,長,long,N5,100,INITIAL,
14,月,month,N5,100,INITIAL,
15,山,mountain,N5,100,INITIAL,
16,一,one,N5,100,INITIAL,
17,人,person,N5,100,INITIAL,
18,雨,rain,N5,100,INITIAL,
19,土,soil,N5,100,INITIAL,
20,川,stream,N5,100,INITIAL,
21,十,ten,N5,100,INITIAL,
22,木,tree,N5,100,INITIAL,
23,二,two,N5,100,INITIAL,
24,水,water,N5,100,INITIAL,
25,西,west,N5,100,INITIAL,
26,女,woman,N5,100,INITIAL,
27,牛,cow,N4,70,INITIAL,
28,工,craft,N4,70,INITIAL,
29,夕,evening,N4,70,INITIAL,
30,目,eye,N4,70,INITIAL,
31,手,hand,N4,70,INITIAL,
32,心,heart,N4,70,INITIAL,
33,肉,meat,N4,70,INITIAL,
34,口,mouth,N4,70,INITIAL,
35,力,power,N4,70,INITIAL,
36,田,rice field,N4,70,INITIAL,
37,用,utilize,N4,70,INITIAL,
38,耳,ear,N3,40,INITIAL,
39,欠,lack,N3,40,INITIAL,
40,面,mask,N3,40,INITIAL,
41,米,rice,N3,40,INITIAL,
42,示,show,N3,40,INITIAL,
43,非,un-,N3,40,INITIAL,
44,竹,bamboo,N2,20,INITIAL,
45,舟,boat,N2,20,INITIAL,
46,皿,dish,N2,20,INITIAL,
47,戸,door,N2,20,INITIAL,
48,羽,feathers,N2,20,INITIAL,
49,毛,fur,N2,20,INITIAL,
50,門,gates,N2,20,INITIAL,
51,片,one-sided,N2,20,INITIAL,
52,皮,pelt,N2,20,INITIAL,
53,臣,retainer,N2,20,INITIAL,
54,糸,thread,N2,20,INITIAL,
55,缶,tin can,N2,20,INITIAL,
56,斤,ax,N1,10,INITIAL,
57,弓,bow,N1,10,INITIAL,
58,氏,family name,N1,10,INITIAL,
59,乙,fish guts,N1,10,INITIAL,
60,士,gentleman,N1,10,INITIAL,
61,寸,measurement,N1,10,INITIAL,
62,又,or again,N1,10,INITIAL,
63,己,self,N1,10,INITIAL,
64,刀,sword,N1,10,INITIAL,
65,卜,,None,1,INITIAL,
66,臼,mortar,None,1,INITIAL,
67,曰,sayeth,None,1,INITIAL,
68,身,somebody,None,1,INITIAL,
69,匕,spoon,None,1,INITIAL,
70,巾,towel,None,1,INITIAL,
71,右,right,N5,100,口,口
72,品,goods,N4,70,口,口
73,言,say,N4,70,口,口
74,石,stone,N3,40,口,口
75,谷,valley,N2,20,口,口
76,豆,beans,N1,10,口,口
77,万,ten thousand,N5,100,一,一
78,三,three,N5,100,一,一
79,与,bestow,N3,40,一,一
80,号,nickname,N3,40,一,口; 一
81,司,director,N1,10,一,一; 口
82,丑,sign of the cow,N1,10,一,一
83,上,above,N5,100,卜,卜; 一
84,下,below,N5,100,卜,一; 卜
85,止,stop,N4,70,卜,卜
86,占,fortune-telling,N2,20,卜,卜; 口
87,名,name,N5,100,夕,夕; 口
88,外,outside,N5,100,夕,夕; 卜
89,多,many,N4,70,夕,夕
90,京,capital,N4,70,亠,亠; 口
91,方,direction,N4,70,亠,亠
92,立,stand up,N4,70,亠,亠
93,衣,garment,N2,20,亠,亠
94,之,of,N1,10,亠,亠
95,享,receive,N1,10,亠,亠; 口
96,亮,translucent,N1,10,亠,亠; 口
97,亨,,None,1,亠,亠; 口
98,本,book,N5,100,木,木
99,束,bundle,N3,40,木,木; 口
100,未,not yet,N3,40,木,木
101,林,grove,N2,20,木,木
102,棄,abandon,N1,10,木,亠; 木
103,杏,apricot,N1,10,木,木; 口
104,朴,crude,N1,10,木,木; 卜
105,呆,dumbfounded,None,1,木,口; 木
106,末,extremity,None,1,木,木
107,東,east,N5,100,日,木; 日
108,白,white,N5,100,日,日
109,旦,nightbreak,N1,10,日,日; 一
110,昌,prosperous,N1,10,日,日
111,晶,sparkle,N1,10,日,日
112,里,ri,None,1,日,日
113,今,now,N5,100,人,人; 一
114,命,fate,N3,40,人,人; 口
115,合,fit,N3,40,人,人; 口
116,令,orders,N2,20,人,人; 一
117,倉,godown,N1,10,人,人; 口
118,亥,sign of the hog,N1,10,人,亠; 人
119,疋,critters,None,1,人,卜; 人
120,明,bright,N4,70,月,日; 月
121,有,possess,N4,70,月,月
122,育,bring up,N3,40,月,亠; 月
123,骨,skeleton,N2,20,月,月
124,朋,companion,N1,10,月,月
125,且,moreover,N1,10,月,月; 一
126,膝,knee,None,1,月,月; 木
127,脊,spinal column,None,1,月,人; 月
128,前,in front,N5,100,八,八; 月
129,六,six,N5,100,八,亠; 八
130,共,together,N3,40,八,八
131,呉,give,N1,10,八,口; 八
132,只,only,N1,10,八,口; 八
133,曽,formerly,None,1,八,八; 日
134,円,circle,N5,100,冂,冂
135,同,same,N4,70,冂,冂; 一; 口
136,内,inside,N3,40,冂,冂; 人
137,而,and then,None,1,冂,冂
138,南,south,N5,100,十,十; 冂
139,早,early,N4,70,十,日; 十
140,古,old,N4,70,十,十; 口
141,干,dry,N2,20,十,十
142,卒,graduate,N2,20,十,亠; 十
143,叶,within my ability,N1,10,十,口; 十
144,自,oneself,N4,70,目,目
145,相,inter-,N3,40,目,木; 目
146,直,straightaway,N3,40,目,十; 目
147,具,tool,N3,40,目,目; 八
148,貝,shellfish,N2,20,目,目; 八
149,冒,risk,N1,10,目,日; 目
150,鼎,tripod,None,1,目,目
151,先,before,N5,100,儿,儿
152,見,see,N5,100,儿,目; 儿
153,兄,elder brother,N4,70,儿,口; 儿
154,中,in,N5,100,丨,口; 丨
155,申,speaketh,N3,40,丨,日; 丨
156,由,wherefore,N3,40,丨,日; 丨
157,旧,olden times,N2,20,丨,丨; 日
158,甲,armor,N1,10,丨,日; 丨
159,千,thousand,N5,100,丿,丿; 十
160,不,negative,N4,70,丿,一; 丿; 丨
161,向,yonder,N3,40,丿,丿; 口
162,介,jammed in,N2,20,丿,人; 丿
163,眉,eyebrow,N1,10,丿,丿; 目
164,乃,from,N1,10,丿,丿
165,卑,lowly,N1,10,丿,丿
166,呂,spine,N1,10,丿,口; 丿
167,爪,claw,None,1,丿,丿
168,曳,tow,None,1,丿,日; 丨; 丿
169,午,noon,N5,100,干,丿; 干
170,年,year,N5,100,干,丿; 干
171,平,even,N3,40,干,干
172,肝,liver,N1,10,干,月; 干
173,旱,dry weather,None,1,干,日; 干
174,九,nine,N5,100,乙,丿; 乙
175,七,seven,N5,100,乙,一; 乙
176,札,tag,N2,20,乙,木; 乙
177,也,est,N1,10,乙,丨; 乙
178,乞,beg,None,1,乙,乙
179,休,rest,N5,100,亻,亻; 木
180,夜,night,N4,70,亻,亠; 亻
181,候,climate,N3,40,亻,亻; 丨
182,侃,forthright,N1,10,亻,亻; 口
183,俣,,None,1,亻,亻; 口
184,什,X,None,1,亻,亻; 十
185,四,four,N5,100,囗,囗; 儿
186,回,-times,N3,40,囗,囗; 口
187,困,quandary,N3,40,囗,囗; 木
188,囚,captured,N1,10,囗,囗; 人
189,鹵,rocksalt,None,1,囗,卜; 囗
190,天,heavens,N5,100,大,一; 大
191,因,cause,N3,40,大,囗; 大
192,夫,husband,N3,40,大,大
193,央,center,N2,20,大,丨; 大
194,奥,core,N2,20,大,丿; 大
195,器,utensil,N1,10,大,口; 大
196,台,pedestal,N4,70,厶,厶; 口
197,公,public,N4,70,厶,八; 厶
198,参,visit,N3,40,厶,厶; 大
199,仏,Buddha,N2,20,厶,亻; 厶
200,允,license,N1,10,厶,厶; 儿
201,肱,armrest,None,1,厶,月; 厶
202,瓜,melon,None,1,厶,丿; 厶
203,去,gone,N4,70,土,土; 厶
204,赤,red,N4,70,土,土
205,在,exist,N3,40,土,亻; 土
206,至,climax,N1,10,土,厶; 土
207,壊,demolition,N1,10,土,土; 十
208,睦,intimate,N1,10,土,目; 土
209,吐,spit,N1,10,土,口; 土
210,圭,squared jewel,N1,10,土,土
211,杜,temple grove,N1,10,土,木; 土
212,以,by means of,N4,70,丶,丶; 人
213,犬,dog,N4,70,丶,大; 丶
214,太,plump,N3,40,丶,大; 丶
215,斗,Big Dipper,N1,10,丶,丶
216,丹,cinnabar,N1,10,丶,冂; 丶
217,兎,rabbit,None,1,丶,丿; 儿; 丶
218,瓦,tile,None,1,丶,丶
219,五,five,N5,100,二,二
220,半,half,N5,100,二,丶; 二; 十
221,元,beginning,N4,70,二,二; 儿
222,亜,Asia,N1,10,二,二; 口
223,仁,humanity,N1,10,二,亻; 二
224,云,quote,None,1,二,二; 厶
225,主,lord,N4,70,王,亠; 王
226,王,king,N3,40,王,王
227,全,whole,N3,40,王,人; 王
228,玉,jewel,N2,20,王,王; 丶
229,珍,rare,N2,20,王,王; 人
230,呈,display,N1,10,王,口; 王
231,旺,effulgent,N1,10,王,日; 王
232,百,hundred,N5,100,白,一; 白
233,楽,music,N4,70,白,白; 木
234,伯,chief,N1,10,白,亻; 白
235,皇,emperor,N1,10,白,白; 王
236,皐,lunar month,N1,10,白,白; 二
237,兜,helmet,None,1,白,白; 儿
238,柏,oak,None,1,白,木; 白
239,茶,tea,N4,70,艹,艹; 人
240,夢,dream,N3,40,艹,艹; 夕
241,備,equip,N3,40,艹,亻; 艹
242,繭,cocoon,N1,10,艹,艹; 冂
243,菌,germ,N1,10,艹,艹; 囗
244,嘆,sigh,N1,10,艹,口; 艹
245,華,splendor,N1,10,艹,艹; 丨
246,莫,shalt,None,1,艹,艹; 日
247,僅,trifle,None,1,艹,亻; 艹
248,漢,Sino-,N4,70,氵,氵; 艹
249,満,full,N3,40,氵,氵; 艹
250,湿,damp,N2,20,氵,氵; 日
251,汚,dirty,N2,20,氵,氵; 二
252,泊,overnight,N2,20,氵,氵; 白
253,汗,sweat,N2,20,氵,氵; 干
254,染,dye,N1,10,氵,氵; 木
255,汐,eventide,N1,10,氵,氵; 夕
256,汁,soup,N1,10,氵,氵; 十
257,涅,black soil,None,1,氵,氵; 日
258,沐,douse,None,1,氵,氵; 木
259,梁,roofbeam,None,1,氵,氵; 木
260,泪,teardrops,None,1,氵,氵; 目
261,着,don,N4,70,羊,羊; 目
262,洋,ocean,N4,70,羊,氵; 羊
263,様,Esq.,N3,40,羊,木; 羊
264,差,distinction,N3,40,羊,羊; 丿
265,善,virtuous,N1,10,羊,羊; 口
266,羨,envious,None,1,羊,羊; 氵
267,間,interval,N5,100,門,門; 日
268,問,question,N4,70,門,門; 口
269,閑,leisure,N1,10,門,門; 木
270,閃,flash,None,1,門,門; 人
271,北,north,N5,100,匕,匕
272,化,change,N3,40,匕,亻; 匕
273,比,compare,N2,20,匕,匕
274,旨,delicious,N1,10,匕,匕; 日
275,音,sound,N4,70,立,立; 日
276,位,rank,N3,40,立,亻; 立
277,辛,spicy,N2,20,立,立; 十
278,競,vie,N2,20,立,立
279,泣,cry,N1,10,立,氵; 立
280,龍,dragon (old),None,1,立,立
281,住,dwell,N4,70,主,亻; 主
282,注,pour,N4,70,主,氵; 主
283,柱,pillar,N2,20,主,木; 主
284,鳥,bird,N4,70,灬,灬
285,馬,horse,N3,40,灬,灬
286,然,sort of thing,N3,40,灬,月; 灬
287,無,nothingness,None,1,灬,丿; 灬
288,黒,black,N4,70,里,里; 灬
289,理,logic,N4,70,里,王; 里
290,埋,bury,N2,20,里,土; 里
291,童,juvenile,N2,20,里,立; 里
292,哩,mile,None,1,里,口; 里
293,浬,nautical mile,None,1,里,氵; 里
294,集,gather,N4,70,隹,隹; 木
295,難,difficult,N3,40,隹,艹; 隹
296,焦,char,N1,10,隹,隹; 灬
297,隼,peregrine falcon,N1,10,隹,隹; 十
298,唯,solely,N1,10,隹,口; 隹
299,椎,sweet oak,N1,10,隹,木; 隹
300,堆,piled high,None,1,隹,土; 隹
301,支,branch,N3,40,又,十; 又
302,収,income,N3,40,又,丨; 又
303,双,pair,N2,20,又,又
304,隻,vessels,N2,20,又,隹; 又
305,桑,mulberry,N1,10,又,又; 木
306,及,reach out,N1,10,又,丿; 又
307,叉,forked,None,1,又,又; 丶
308,聞,hear,N5,100,耳,門; 耳
309,取,take,N3,40,耳,耳; 又
310,聖,holy,N1,10,耳,耳; 王
311,聴,listen,N1,10,耳,耳; 十
312,茸,mushroom,None,1,耳,艹; 耳
313,才,genius,N3,40,扌,扌
314,払,pay,N3,40,扌,扌; 厶
315,拝,worship,N2,20,扌,扌; 一
316,拍,clap,N1,10,扌,扌; 白
317,推,conjecture,N1,10,扌,扌; 隹
318,拐,kidnap,N1,10,扌,扌; 口
319,摂,vicarious,N1,10,扌,扌; 耳
320,捏,fabrication,None,1,扌,扌; 日
321,托,receptacle,None,1,扌,扌; 丿
322,掻,scratch,None,1,扌,扌; 又
323,拉,yank,None,1,扌,扌; 立
324,時,time,N5,100,寺,日; 寺
325,持,hold,N4,70,寺,扌; 寺
326,侍,waiter,N1,10,寺,亻; 寺
327,行,going,N5,100,彳,彳
328,待,wait,N4,70,彳,彳; 寺
329,徳,benevolence,N1,10,彳,彳; 十
330,往,journey,N1,10,彳,彳; 主
331,特,special,N4,70,牛,牛; 寺
332,件,affair,N3,40,牛,亻; 牛
333,告,revelation,N3,40,牛,牛; 口
334,牝,female animal,None,1,牛,牛; 匕
335,牡,male animal,None,1,牛,牛; 土
336,牟,moo,None,1,牛,厶; 牛
337,新,new,N4,70,斤,立; 斤
338,折,fold,N3,40,斤,扌; 斤
339,析,chop,N1,10,斤,木; 斤
340,丘,hill,N1,10,斤,斤; 一
341,芹,parsley,N1,10,斤,艹; 斤
342,斥,reject,N1,10,斤,斤; 丶
343,員,employee,N4,70,貝,口; 貝
344,質,substance,N4,70,貝,斤; 貝
345,唄,pop song,N1,10,貝,口; 貝
346,貞,upright,N1,10,貝,卜; 貝
347,頁,page,None,1,貝,貝
348,来,come,N5,100,米,米
349,断,severance,N3,40,米,米; 斤
350,粒,grains,N2,20,米,米; 立
351,粕,settlings,None,1,米,米; 白
352,近,near,N4,70,⻌,斤; ⻌
353,達,accomplished,N3,40,⻌,土; ⻌
354,進,advance,N3,40,⻌,隹; ⻌
355,迷,astray,N3,40,⻌,米; ⻌
356,迫,urge,N1,10,⻌,白; ⻌
357,別,separate,N4,70,刂,口; 刂
358,制,system,N3,40,刂,牛; 刂
359,刊,publish,N2,20,刂,干; 刂
360,則,rule,N2,20,刂,貝; 刂
361,班,squad,N1,10,刂,王; 刂
362,私,private,N4,70,禾,禾; 厶
363,和,harmony,N3,40,禾,禾; 口
364,利,profit,N3,40,禾,禾; 刂
365,香,incense,N2,20,禾,禾; 日
366,稚,immature,N1,10,禾,禾; 隹
367,禿,bald,None,1,禾,禾; 儿
368,正,correct,N4,70,止,一; 止
369,歯,tooth,N3,40,止,止; 米
370,肯,agreement,N2,20,止,止; 月
371,渋,astringent,N1,10,止,氵; 止
372,企,undertake,N1,10,止,人; 止
373,此,this here,None,1,止,止; 匕
374,反,anti-,N3,40,厂,厂; 又
375,歴,curriculum,N2,20,厂,厂; 止
376,圧,pressure,N2,20,厂,厂; 土
377,蔵,storehouse,N2,20,厂,艹; 厂
378,厚,thick,N2,20,厂,厂; 日
379,后,empress,N1,10,厂,厂; 口
380,厘,rin,N1,10,厂,厂; 里
381,盾,shield,N1,10,厂,厂; 十; 目
382,辰,sign of the dragon,N1,10,厂,厂
383,厭,despondent,None,1,厂,厂; 日
384,栃,horse chestnut,None,1,厂,木; 厂
385,仄,insinuate,None,1,厂,厂; 人
386,社,company,N4,70,礻,礻; 土
387,礼,salutation,N3,40,礻,礻; 乙
388,祈,pray,N2,20,礻,礻; 斤
389,祥,auspicious,N1,10,礻,礻; 羊
390,祉,welfare,N1,10,礻,礻; 止
391,計,plot,N4,70,言,言; 十
392,信,faith,N3,40,言,亻; 言
393,診,checkup,N1,10,言,言; 人
394,詳,detailed,N1,10,言,言; 羊
395,詩,poem,N1,10,言,言; 寺
396,註,footnote,None,1,言,言; 主
397,訃,obituary,None,1,言,言; 卜
398,訊,query,None,1,言,言; 乙
399,讐,vendetta,None,1,言,隹; 言
400,誰,who?,None,1,言,言; 隹
401,話,tale,N5,100,舌,言; 舌
402,活,lively,N3,40,舌,氵; 舌
403,乱,riot,N2,20,舌,舌; 乙
404,括,fasten,N1,10,舌,扌; 舌
405,役,duty,N3,40,殳,彳; 殳
406,段,grade,N3,40,殳,殳
407,投,throw,N3,40,殳,扌; 殳
408,設,establishment,N2,20,殳,言; 殳
409,没,drown,N1,10,殳,氵; 殳
410,毅,stalwart,N1,10,殳,立; 殳
411,股,thigh,None,1,殳,月; 殳
412,文,sentence,N4,70,乂,亠; 乂
413,更,grow late,N3,40,乂,一; 日; 乂
414,殺,kill,N3,40,乂,乂; 殳
415,史,history,N2,20,乂,口; 乂
416,刈,reap,N1,10,乂,乂; 刂
417,丈,length,None,1,乂,一; 乂
418,刹,moment,None,1,乂,乂; 刂
419,重,heavy,N4,70,千,千; 里
420,乗,ride,N3,40,千,千; 木
421,垂,droop,N1,10,千,千; 土
422,挿,insert,N1,10,千,扌; 千
423,舌,tongue,N1,10,千,千; 口
424,粁,kilometer,None,1,千,米; 千
425,送,send off,N4,70,关,关; ⻌
426,関,connection,N3,40,关,門; 关
427,咲,blossom,N2,20,关,口; 关
428,朕,majestic plural,N1,10,关,月; 关
429,渕,abyss,None,1,关,氵; 关
430,図,map,N4,70,⺍,囗; ⺍; 乂
431,脳,brain,N2,20,⺍,月; ⺍
432,栄,flourish,N2,20,⺍,⺍; 木
433,桜,cherry tree,N1,10,⺍,木; ⺍
434,誉,reputation,N1,10,⺍,⺍; 言
435,厳,stern,N1,10,⺍,⺍; 厂
436,学,study,N5,100,子,⺍; 子
437,存,suppose,N3,40,子,亻; 子
438,季,seasons,N2,20,子,禾; 子
439,孔,cavity,N1,10,子,子; 乙
440,李,damson,N1,10,子,木; 子
441,仔,animal offspring,None,1,子,亻; 子
442,親,parent,N4,70,見,立; 見
443,覚,memorize,N3,40,見,⺍; 見
444,現,present,N3,40,見,王; 見
445,視,inspection,N1,10,見,礻; 見
446,賛,approve,N3,40,夫,夫; 貝
447,失,lose,N3,40,夫,丿; 夫
448,規,standard,N3,40,夫,夫; 見
449,替,exchange,N2,20,夫,夫; 日
450,扶,aid,N1,10,夫,扌; 夫
451,芙,lotus flower,N1,10,夫,艹; 夫
452,字,character,N4,70,宀,宀; 子
453,官,bureaucrat,N3,40,宀,宀; 口
454,賓,V.I.P.,N1,10,宀,宀; 貝
455,宴,banquet,N1,10,宀,宀; 日
456,宏,extensive,N1,10,宀,宀; 厶
457,穴,hole,N1,10,宀,宀; 八
458,宋,Sung dynasty,None,1,宀,宀; 木
459,塞,block up,None,1,宀,宀; 土
460,牢,jail,None,1,宀,宀; 牛
461,青,blue,N4,70,龶,龶; 月
462,責,blame,N3,40,龶,龶; 貝
463,害,harm,N3,40,龶,宀; 龶
464,契,pledge,N1,10,龶,龶; 大
465,安,relax,N4,70,女,宀; 女
466,好,fond,N3,40,女,女; 子
467,委,committee,N2,20,女,禾; 女
468,奴,guy,N1,10,女,女; 又
469,如,likeness,N1,10,女,女; 口
470,妾,concubine,None,1,女,立; 女
471,嬰,suckling infant,None,1,女,貝; 女
472,汝,thou,None,1,女,氵; 女
473,姦,violate,None,1,女,女
474,味,flavor,N4,70,未,口; 未
475,妹,younger sister,N4,70,未,女; 未
476,昧,obscure,N3,40,未,日; 未
477,朱,vermilion,N1,10,未,丿; 未
478,付,adhere,N3,40,寸,亻; 寸
479,守,guard,N3,40,寸,宀; 寸
480,寺,Buddhist temple,N2,20,寸,土; 寸
481,団,group,N2,20,寸,囗; 寸
482,村,town,N2,20,寸,木; 寸
483,討,chastise,N1,10,寸,言; 寸
484,肘,elbow,None,1,寸,月; 寸
485,吋,inch,None,1,寸,口; 寸
486,歩,walk,N4,70,少,止; 少
487,省,focus,N2,20,少,少; 目
488,秒,second,N2,20,少,禾; 少
489,妙,exquisite,N1,10,少,女; 少
490,抄,extract,N1,10,少,扌; 少
491,沙,grains of sand,N1,10,少,氵; 少
492,雀,sparrow,None,1,少,少; 隹
493,書,write,N5,100,聿,聿; 日
494,律,rhythm,N2,20,聿,彳; 聿
495,津,haven,N1,10,聿,氵; 聿
496,粛,solemn,N1,10,聿,聿; 米
497,所,place,N3,40,戸,戸; 斤
498,戻,re-,N3,40,戸,戸; 大
499,雇,employ,N2,20,戸,戸; 隹
500,肩,shoulder,N2,20,戸,戸; 月
501,啓,disclose,N1,10,戸,戸; 口
502,肇,founding,N1,10,戸,戸; 聿
503,芦,hollow reed,None,1,戸,艹; 戸
504,英,England,N4,70,央,艹; 央
505,映,reflect,N4,70,央,日; 央
506,足,leg,N4,70,龰,口; 龰
507,走,run,N4,70,龰,土; 龰
508,服,clothing,N4,70,卩,月; 卩
509,印,stamp,N2,20,卩,丿; 卩
510,昂,elevate,N1,10,卩,日; 卩
511,抑,repress,N1,10,卩,扌; 卩
512,卯,sign of the hare,N1,10,卩,丿; 卩
513,厄,unlucky,N1,10,卩,厂; 卩
514,叩,bash,None,1,卩,口; 卩
515,氾,widespread,None,1,卩,氵; 卩
516,曲,bend,N3,40,廾,日; 廾
517,昔,once upon a time,N3,40,廾,廾; 日
518,冊,tome,N2,20,廾,冂; 廾
519,升,measuring box,N1,10,廾,丿; 廾
520,弁,valve,N1,10,廾,厶; 廾
521,井,well,N1,10,廾,二; 廾
522,弄,tinker with,None,1,廾,王; 廾
523,廿,twenty,None,1,廾,廾
524,強,strong,N4,70,弓,弓; 厶
525,引,pull,N3,40,弓,弓; 丨
526,弔,condolences,N1,10,弓,弓; 丨
527,弘,vast,N1,10,弓,弓; 厶
528,夷,ebisu,None,1,弓,大; 弓
529,粥,rice gruel,None,1,弓,弓; 米
530,遅,slow,N3,40,尸,尸; ⻌
531,殿,Mr.,N2,20,尸,尸; 殳
532,刷,printing,N2,20,尸,尸; 刂
533,漏,leak,N1,10,尸,氵; 尸
534,尉,military officer,N1,10,尸,尸; 寸
535,尼,nun,N1,10,尸,尸; 匕
536,尺,shaku,N1,10,尸,尸; 八
537,展,unfold,N1,10,尸,尸; 廾
538,犀,rhinoceros,None,1,尸,尸; 二
539,屋,roof,N4,70,至,尸; 至
540,室,room,N4,70,至,宀; 至
541,到,arrival,N3,40,至,至; 刂
542,姪,niece,None,1,至,女; 至
543,敗,failure,N3,40,攵,貝; 攵
544,散,scatter,N3,40,攵,月; 攵
545,枚,a sheet of,N2,20,攵,木; 攵
546,牧,breed,N1,10,攵,牛; 攵
547,敢,daring,N1,10,攵,耳; 攵
548,致,doth,N1,10,攵,至; 攵
549,孜,assiduous,None,1,攵,子; 攵
550,居,reside,N3,40,古,尸; 古
551,苦,suffering,N3,40,古,艹; 古
552,固,harden,N2,20,古,囗; 古
553,枯,wither,N2,20,古,木; 古
554,故,happenstance,N1,10,古,古; 攵
555,胡,uncivilized,N1,10,古,古; 月
556,姑,mother-in-law,None,1,古,女; 古
557,左,left,N5,100,工,工
558,攻,aggression,N1,10,工,工; 攵
559,江,creek,N1,10,工,氵; 工
560,貢,tribute,N1,10,工,工; 貝
561,肛,anus,None,1,工,月; 工
562,空,empty,N4,70,穴,穴; 工
563,突,stab,N3,40,穴,穴; 大
564,窓,window,N3,40,穴,穴; 厶
565,窒,plug up,N1,10,穴,穴; 至
566,窪,depression,None,1,穴,穴; 氵
567,竃,kitchen stove,None,1,穴,穴; 土
568,究,research,N4,70,九,穴; 九
569,雑,miscellaneous,N3,40,九,九; 隹
570,丸,round,N2,20,九,九; 丶
571,旭,rising sun,N1,10,九,九; 日
572,尻,buttocks,None,1,九,尸; 九
573,仇,foe,None,1,九,亻; 九
574,恐,fear,N3,40,心,工; 心
575,必,invariably,N3,40,心,心; 丿
576,恥,shame,N3,40,心,耳; 心
577,憲,constitution,N1,10,心,宀; 心
578,悶,agony,None,1,心,門; 心
579,蕊,stamen,None,1,心,艹; 心
580,芯,wick,None,1,心,艹; 心
581,急,hurry,N4,70,𠂊,𠂊; 心
582,負,defeat,N3,40,𠂊,𠂊; 貝
583,角,angle,N2,20,𠂊,𠂊
584,久,long time,N2,20,𠂊,𠂊
585,免,excuse,N1,10,𠂊,𠂊; 儿
586,魚,fish,N4,70,田,𠂊; 田
587,思,think,N4,70,田,田; 心
588,果,fruit,N3,40,田,田; 木
589,胃,stomach,N2,20,田,田; 月
590,塁,bases,N1,10,田,田; 土
591,苗,seedling,N1,10,田,艹; 田
592,畏,apprehensive,None,1,田,田; 一
593,畠,dry field,None,1,田,白; 田
594,畢,lastly,None,1,田,田; 丨
595,畷,rice-field footpath,None,1,田,田; 又
596,佃,work a field,None,1,田,亻; 田
597,男,man,N5,100,力,田; 力
598,加,add,N3,40,力,力; 口
599,労,labor,N3,40,力,⺍; 力
600,功,achievement,N1,10,力,工; 力
601,励,encourage,N1,10,力,厂; 力
602,劣,inferiority,N1,10,力,少; 力
603,肋,rib,None,1,力,月; 力
604,家,house,N4,70,豕,宀; 豕
605,象,elephant,N2,20,豕,𠂊; 豕
606,遂,consummate,N1,10,豕,豕; ⻌
607,琢,hone,N1,10,豕,王; 豕
608,豪,overpowering,N1,10,豕,亠; 豕
609,啄,peck at,N1,10,豕,口; 豕
610,豚,pork,N1,10,豕,月; 豕
611,逐,pursue,N1,10,豕,豕; ⻌
612,後,behind,N5,100,幺,彳; 幺
613,幼,infancy,N2,20,幺,幺; 力
614,胤,blood relative,N1,10,幺,儿; 幺
615,玄,mysterious,N1,10,幺,亠; 幺
616,幻,phantasm,N1,10,幺,幺
617,争,contend,N3,40,⺕,𠂊; ⺕
618,妻,wife,N3,40,⺕,⺕; 女
619,兼,concurrently,N1,10,⺕,八; ⺕
620,侵,encroach,N1,10,⺕,亻; ⺕
621,浸,immersed,N1,10,⺕,氵; ⺕
622,尋,inquire,N1,10,⺕,⺕; 寸
623,禄,salarium,N1,10,⺕,礻; ⺕
624,捷,spoils,N1,10,⺕,扌; ⺕
625,剥,peel off,None,1,⺕,⺕; 刂
626,電,electricity,N5,100,雨,雨; 日
627,雪,snow,N3,40,雨,雨; ⺕
628,雷,thunder,N1,10,雨,雨; 田
629,会,meeting,N4,70,云,人; 云
630,伝,transmit,N3,40,云,亻; 云
631,雲,cloud,N2,20,云,雨; 云
632,芸,technique,N2,20,云,艹; 云
633,転,revolve,N4,70,車,車; 云
634,連,take along,N3,40,車,車; ⻌
635,軒,flats,N2,20,車,車; 干
636,軌,rut,N1,10,車,車; 九
637,斬,chop off,None,1,車,車; 斤
638,轟,rumble,None,1,車,車
639,轡,tinkling bell,None,1,車,車; 口
640,広,wide,N4,70,广,广; 厶
641,床,bed,N2,20,广,广; 木
642,庫,warehouse,N2,20,广,广; 車
643,応,apply,N1,10,广,广; 心
644,庸,comfortable,N1,10,广,广; ⺕
645,慶,jubilation,N1,10,广,广; 心
646,薦,recommend,N1,10,广,艹; 广
647,庄,shire,N1,10,广,广; 土
648,唐,T'ang,None,1,广,广; ⺕
649,度,degrees,N4,70,廿,广; 廿
650,世,generation,N4,70,廿,廿
651,席,seat,N3,40,廿,广; 廿
652,革,leather,N2,20,廿,廿; 口
653,甘,sweet,N2,20,廿,廿
654,庶,commoner,N1,10,廿,广; 廿
655,燕,swallow,None,1,廿,廿; 口
656,町,village,N4,70,丁,田; 丁
657,打,strike,N3,40,丁,扌; 丁
658,庁,government office,N2,20,丁,广; 丁
659,訂,revise,N1,10,丁,言; 丁
660,可,can,None,1,丁,丁; 口
661,汀,water’s edge,None,1,丁,氵; 丁
662,仕,attend,N4,70,士,亻; 士
663,声,voice,N3,40,士,士
664,穀,cereals,N1,10,士,士; 殳
665,吉,good luck,N1,10,士,士; 口
666,志,intention,N1,10,士,士; 心
667,壽,longevity (old),None,1,士,士; 工
668,売,sell,N4,70,冖,士; 冖
669,軍,army,N2,20,冖,冖; 車
670,畳,tatami mat,N2,20,冖,田; 冖
671,壱,I (one),N1,10,冖,士; 冖
672,亭,pavilion,N1,10,冖,亠; 口; 冖; 丁
673,冥,Hades,None,1,冖,冖; 日
674,壷,crock,None,1,冖,士; 冖
675,蒙,darken,None,1,冖,艹; 冖
676,紅,crimson,N2,20,糸,糸; 工
677,細,dainty,N2,20,糸,糸; 田
678,累,accumulate,N1,10,糸,田; 糸
679,紘,chinstrap,N1,10,糸,糸; 厶
680,索,cord,N1,10,糸,十; 糸
681,素,elementary,N1,10,糸,龶; 糸
682,維,fiber,N1,10,糸,糸; 隹
683,紗,gossamer,N1,10,糸,糸; 少
684,継,inherit,N1,10,糸,糸; 米
685,系,lineage,N1,10,糸,丿; 糸
686,繊,slender,N1,10,糸,糸; 土
687,繋,link up,None,1,糸,車; 糸
688,綴,mend,None,1,糸,糸; 又
689,祖,ancestor,N3,40,且,礻; 且
690,組,association,N3,40,且,糸; 且
691,助,help,N3,40,且,且; 力
692,査,investigate,N2,20,且,木; 且
693,宜,best regards,N1,10,且,宀; 且
694,粗,coarse,N1,10,且,米; 且
695,租,tariff,N1,10,且,禾; 且
696,姐,young miss,None,1,且,女; 且
697,校,exam,N5,100,交,木; 交
698,効,merit,N2,20,交,交; 力
699,較,contrast,N1,10,交,車; 交
700,絞,strangle,N1,10,交,糸; 交
701,佼,,None,1,交,亻; 交
702,読,read,N5,100,売,言; 売
703,続,continue,N3,40,売,糸; 売
704,涜,blaspheme,None,1,売,氵; 売
705,届,deliver,N2,20,由,尸; 由
706,油,oil,N2,20,由,氵; 由
707,専,specialty,N2,20,由,由; 寸
708,迪,Way,N1,10,由,由; ⻌
709,軸,axis,N1,10,由,車; 由
710,柚,citron,N1,10,由,木; 由
711,恵,favor,N1,10,由,由; 心
712,宙,mid-air,N1,10,由,宀; 由
713,抽,pluck,N1,10,由,扌; 由
714,紬,pongee,N1,10,由,糸; 由
715,寅,sign of the tiger,N1,10,由,宀; 由
716,客,guest,N3,40,各,宀; 各
717,格,status,N3,40,各,木; 各
718,略,abbreviation,N2,20,各,田; 各
719,絡,entwine,N2,20,各,糸; 各
720,閣,tower,N1,10,各,門; 各
721,賂,graft,None,1,各,貝; 各
722,洛,old Kyoto,None,1,各,氵; 各
723,秋,autumn,N4,70,火,禾; 火
724,灰,ashes,N2,20,火,厂; 火
725,灯,lamp,N2,20,火,火; 丁
726,炉,hearth,N1,10,火,火; 戸
727,炎,inflammation,N1,10,火,火
728,烙,branding,None,1,火,火; 各
729,畑,farm,None,1,火,火; 田
730,焔,flames,None,1,火,火; 𠂊
731,訪,call on,N3,40,方,言; 方
732,放,set free,N3,40,方,方; 攵
733,妨,disturb,N1,10,方,女; 方
734,肪,obese,N1,10,方,月; 方
735,芳,perfumed,N1,10,方,艹; 方
736,紡,spinning,N1,10,方,糸; 方
737,房,tassel,N1,10,方,戸; 方
738,坊,boy,None,1,方,土; 方
739,族,tribe,N4,70,𠂉,方; 𠂉
740,旅,trip,N4,70,𠂉,方; 𠂉
741,権,authority,N3,40,𠂉,木; 𠂉
742,観,outlook,N3,40,𠂉,𠂉; 見
743,塩,salt,N2,20,𠂉,土; 𠂉
744,施,alms,N1,10,𠂉,方; 𠂉
745,旗,national flag,N1,10,𠂉,方; 𠂉
746,勧,persuade,N1,10,𠂉,𠂉; 力
747,旋,rotation,N1,10,𠂉,方; 𠂉
748,潅,souse,None,1,𠂉,氵; 𠂉
749,毎,every,N5,100,毋,𠂉; 毋
750,母,mama,N5,100,毋,毋
751,毒,poison,N2,20,毋,龶; 毋
752,貫,pierce,N1,10,毋,毋; 貝
753,始,commence,N4,70,台,女; 台
754,治,reign,N3,40,台,氵; 台
755,怠,neglect,N1,10,台,台; 心
756,胎,womb,N1,10,台,月; 台
757,苔,moss,None,1,台,艹; 台
758,地,ground,N4,70,也,土; 也
759,他,other,N3,40,也,亻; 也
760,池,pond,N2,20,也,氵; 也
761,弛,loosen,None,1,也,弓; 也
762,何,what,N5,100,可,亻; 可
763,河,river,N2,20,可,氵; 可
764,奇,strange,N1,10,可,大; 可
765,苛,bullying,None,1,可,艹; 可
766,少,few,N4,70,小,小; 丿
767,余,too much,N3,40,小,人; 小
768,県,prefecture,N2,20,小,目; 小
769,尖,sharp point,None,1,小,小; 大
770,紙,paper,N4,70,氏,糸; 氏
771,民,people,N3,40,氏,氏
772,低,lower,N2,20,氏,亻; 氏
773,昏,dusk,None,1,氏,氏; 日
774,春,springtime,N4,70,𡗗,𡗗; 日
775,実,reality,N3,40,𡗗,宀; 𡗗
776,秦,Manchu dynasty,N1,10,𡗗,𡗗; 禾
777,奉,dedicate,N1,10,𡗗,𡗗; 丨
778,帰,homecoming,N4,70,帚,刂; 帚
779,婦,lady,N3,40,帚,女; 帚
780,掃,sweep,N2,20,帚,扌; 帚
781,店,store,N4,70,占,广; 占
782,点,spot,N3,40,占,占; 灬
783,粘,sticky,N1,10,占,米; 占
784,站,outpost,None,1,占,立; 占
785,貼,post a bill,None,1,占,貝; 占
786,苫,thatching,None,1,占,艹; 占
787,師,expert,N3,40,巾,丿; 巾
788,市,market,N3,40,巾,亠; 巾
789,布,linen,N2,20,巾,巾
790,帥,commander,N1,10,巾,丿; 巾
791,帝,sovereign,N1,10,巾,亠; 巾
792,吊,dangle,None,1,巾,口; 巾
793,帖,quire,None,1,巾,巾; 占
794,表,surface,N3,40,衣,二; 衣
795,裏,back,N2,20,衣,衣; 里
796,依,reliant,N2,20,衣,亻; 衣
797,衰,decline,N1,10,衣,衣; 口
798,衷,inmost,N1,10,衣,衣
799,喪,miss,N1,10,衣,十; 衣
800,哀,pathetic,N1,10,衣,衣; 口
801,嚢,cyst,None,1,衣,衣
802,受,accept,N3,40,⺤,⺤; 又
803,愛,love,N3,40,⺤,⺤; 冖
804,穏,calm,N1,10,⺤,禾; ⺤
805,妥,gentle,N1,10,⺤,⺤; 女
806,采,grab,N1,10,⺤,⺤; 木
807,稲,rice plant,N1,10,⺤,禾; ⺤
808,淫,lewd,None,1,⺤,氵; ⺤
809,福,blessing,N3,40,畐,礻; 畐
810,富,wealth,N3,40,畐,宀; 畐
811,幅,hanging scroll,N2,20,畐,巾; 畐
812,副,vice-,N2,20,畐,畐; 刂
813,輻,spoke,None,1,畐,車; 畐
814,作,make,N4,70,乍,亻; 乍
815,昨,yesterday,N3,40,乍,日; 乍
816,詐,lie,N1,10,乍,言; 乍
817,窄,tight,None,1,乍,穴; 乍
818,勉,exertion,N4,70,免,免; 力
819,晩,nightfall,N3,40,免,日; 免
820,逸,elude,N1,10,免,免; ⻌
821,挽,lathe,None,1,免,扌; 免
822,動,move,N4,70,重,重; 力
823,種,species,N3,40,重,禾; 重
824,薫,fragrant,N1,10,重,艹; 重
825,腫,tumor,None,1,重,月; 重
826,望,ambition,N3,40,亡,亡; 王
827,忘,forget,N3,40,亡,亡; 心
828,荒,laid waste,N2,20,亡,艹; 亡
829,盲,blind,N1,10,亡,亡; 目
830,妄,delusion,N1,10,亡,亡; 女
831,場,location,N4,70,昜,土; 昜
832,湯,hot water,N2,20,昜,氵; 昜
833,揚,hoist,N1,10,昜,扌; 昜
834,腸,intestines,N1,10,昜,月; 昜
835,楊,purple willow,N1,10,昜,木; 昜
836,陽,sunshine,N3,40,⻖,⻖; 昜
837,防,ward off,N2,20,⻖,⻖; 方
838,阿,Africa,N1,10,⻖,⻖; 可
839,陣,camp,N1,10,⻖,⻖; 車
840,陥,collapse,N1,10,⻖,⻖; 𠂊
841,隠,conceal,N1,10,⻖,⻖; ⺤
842,隊,regiment,N1,10,⻖,⻖; 豕
843,阻,thwart,N1,10,⻖,⻖; 且
844,薩,bodhisattva,None,1,⻖,艹; ⻖
845,隙,chink,None,1,⻖,⻖; 小
846,良,good,N3,40,艮,艮
847,限,limit,N3,40,艮,⻖; 艮
848,退,retreat,N3,40,艮,艮; ⻌
849,根,root,N2,20,艮,木; 艮
850,眼,eyeball,N1,10,艮,目; 艮
851,即,instant,N1,10,艮,艮; 卩
852,夏,summer,N4,70,夂,一; 夂
853,麦,barley,N2,20,夂,龶; 夂
854,各,each,N2,20,夂,夂; 口
855,隆,hump,N1,10,夂,⻖; 夂
856,条,twig,N1,10,夂,夂; 木
857,冬,winter,N4,70,冫,夂; 冫
858,兆,portent,N2,20,冫,儿; 冫
859,弱,weak,N2,20,冫,弓; 冫
860,冶,metallurgy,N1,10,冫,冫; 台
861,准,quasi-,N1,10,冫,冫; 隹
862,於,within,N1,10,冫,方; 冫
863,吹,blow,N3,40,欠,口; 欠
864,次,next,N3,40,欠,冫; 欠
865,軟,soft,N2,20,欠,車; 欠
866,炊,cook,N1,10,欠,火; 欠
867,歓,delight,N1,10,欠,𠂉; 欠
868,欣,elation,N1,10,欠,斤; 欠
869,款,goodwill,N1,10,欠,士; 欠
870,歎,bemoan,None,1,欠,艹; 欠
871,晴,clear up,N3,40,青,日; 青
872,精,refined,N3,40,青,米; 青
873,清,pure,N2,20,青,氵; 青
874,靖,repose,N1,10,青,立; 青
875,請,solicit,N1,10,青,言; 青
876,忙,busy,N3,40,忄,忄; 亡
877,情,feelings,N3,40,忄,忄; 青
878,悩,trouble,N2,20,忄,忄; ⺍
879,懐,pocket,N1,10,忄,忄; 十
880,惟,ponder,N1,10,忄,忄; 隹
881,恨,resentment,N1,10,忄,忄; 艮
882,産,products,N3,40,生,立; 生
883,性,sex,N3,40,生,忄; 生
884,星,star,N2,20,生,日; 生
885,姓,surname,N2,20,生,女; 生
886,牲,animal sacrifice,N1,10,生,牛; 生
887,代,substitute,N4,70,弋,亻; 弋
888,式,style,N3,40,弋,弋; 工
889,弐,II (two),N1,10,弋,一; 弋; 二
890,国,country,N5,100,玉,囗; 玉
891,宝,treasure,N2,20,玉,宀; 玉
892,等,etc.,N3,40,竹,竹; 寺
893,算,calculate,N2,20,竹,竹; 目
894,筆,writing brush,N2,20,竹,竹; 聿
895,笙,Chinese panpipe,N1,10,竹,竹; 生
896,笛,flute,N1,10,竹,竹; 由
897,範,pattern,N1,10,竹,竹; 車
898,筑,ancient harp,None,1,竹,竹; 工
899,竺,bamboo cane,None,1,竹,竹; 二
900,笠,bamboo hat,None,1,竹,竹; 立
901,竿,pole,None,1,竹,竹; 干
902,筈,should,None,1,竹,竹; 舌
903,答,solution,N4,70,合,竹; 合
904,給,salary,N3,40,合,糸; 合
905,拾,pick up,N2,20,合,扌; 合
906,恰,as if,None,1,合,忄; 合
907,閤,side gate,None,1,合,門; 合
908,緒,thong,N3,40,者,糸; 者
909,著,renowned,N2,20,者,艹; 者
910,諸,various,N2,20,者,言; 者
911,煮,boil,N1,10,者,者; 灬
912,渚,strand,N1,10,者,氵; 者
913,暑,sultry,N1,10,者,日; 者
914,屠,butchering,None,1,者,尸; 者
915,箸,chopsticks,None,1,者,竹; 者
916,賭,gamble,None,1,者,貝; 者
917,堵,railing,None,1,者,土; 者
918,物,thing,N4,70,勿,牛; 勿
919,易,easy,N3,40,勿,日; 勿
920,忽,instantaneously,None,1,勿,勿; 心
921,吻,sides of the mouth,None,1,勿,口; 勿
922,意,idea,N4,70,音,音; 心
923,暗,darkness,N3,40,音,日; 音
924,幟,pennant,None,1,音,巾; 音
925,闇,pitch dark,None,1,音,門; 音
926,記,scribe,N3,40,己,言; 己
927,改,reformation,N2,20,己,己; 攵
928,紀,chronicle,N1,10,己,糸; 己
929,巴,comma-design,N1,10,己,己
930,忌,mourning,N1,10,己,己; 心
931,妃,queen,N1,10,己,女; 己
932,巳,sign of the snake,N1,10,己,己
933,已,stop short,None,1,己,己
934,起,rouse,N4,70,走,走; 己
935,徒,junior,N3,40,走,彳; 走
936,赳,bold,N1,10,走,走; 丨
937,赴,proceed,N1,10,走,走; 卜
938,処,dispose,N3,40,几,夂; 几
939,机,desk,N2,20,几,木; 几
940,肌,texture,N2,20,几,月; 几
941,凪,lull,N1,10,几,几; 止
942,凡,mediocre,N1,10,几,几; 丶
943,冗,superfluous,N1,10,几,冖; 几
944,凧,kite,None,1,几,几; 巾
945,死,death,N4,70,歹,歹; 匕
946,列,file,N3,40,歹,歹; 刂
947,殆,almost,None,1,歹,歹; 台
948,夙,earlybird,None,1,歹,几; 歹
949,返,return,N3,40,反,反; ⻌
950,販,marketing,N2,20,反,貝; 反
951,板,plank,N2,20,反,木; 反
952,坂,slope,N2,20,反,土; 反
953,仮,provisional,N1,10,反,亻; 反
954,阪,Heights,None,1,反,⻖; 反
955,飲,drink,N4,70,飠,飠; 欠
956,飯,meal,N4,70,飠,飠; 反
957,飾,decorate,N1,10,飠,飠; 𠂉
958,飢,hungry,N1,10,飠,飠; 几
959,増,increase,N3,40,曽,土; 曽
960,憎,hate,N2,20,曽,忄; 曽
961,贈,presents,N2,20,曽,貝; 曽
962,層,stratum,N2,20,曽,尸; 曽
963,僧,Buddhist priest,N1,10,曽,亻; 曽
964,噌,miso,None,1,曽,口; 曽
965,海,sea,N4,70,毎,氵; 毎
966,敏,cleverness,N1,10,毎,毎; 攵
967,梅,plum,N1,10,毎,木; 毎
968,悔,repent,N1,10,毎,忄; 毎
969,侮,scorn,N1,10,毎,亻; 毎
970,晦,last day of the month,None,1,毎,日; 毎
971,語,word,N5,100,吾,言; 吾
972,悟,enlightenment,N1,10,吾,忄; 吾
973,梧,,None,1,吾,木; 吾
974,週,week,N4,70,周,周; ⻌
975,調,tune,N3,40,周,言; 周
976,凋,wilt,None,1,周,冫; 周
977,者,someone,N4,70,耂,耂; 日
978,老,old man,N3,40,耂,耂; 匕
979,孝,filial piety,None,1,耂,耂; 子
980,暮,livelihood,N3,40,莫,莫; 日
981,募,recruit,N2,20,莫,莫; 力
982,幕,curtain,N1,10,莫,莫; 巾
983,墓,grave,N1,10,莫,莫; 土
984,模,imitation,N1,10,莫,木; 莫
985,膜,membrane,N1,10,莫,月; 莫
986,漠,vague,N1,10,莫,氵; 莫
987,招,beckon,N3,40,召,扌; 召
988,紹,introduce,N2,20,召,糸; 召
989,超,transcend,N2,20,召,走; 召
990,詔,imperial edict,N1,10,召,言; 召
991,沼,marsh,N1,10,召,氵; 召
992,昭,shining,N1,10,召,日; 召
993,習,learn,N4,70,羽,羽; 白
994,翌,the following,N2,20,羽,羽; 立
995,扇,fan,N1,10,羽,戸; 羽
996,翔,soar,N1,10,羽,羊; 羽
997,容,contain,N3,40,谷,宀; 谷
998,欲,longing,N3,40,谷,谷; 欠
999,浴,bathe,N2,20,谷,氵; 谷
1000,俗,vulgar,N1,10,谷,亻; 谷
1001,料,fee,N4,70,斗,米; 斗
1002,科,department,N3,40,斗,禾; 斗
1003,除,exclude,N3,40,余,⻖; 余
1004,途,route,N3,40,余,余; ⻌
1005,叙,confer,N1,10,余,余; 又
1006,斜,diagonal,N1,10,余,余; 斗
1007,徐,gradually,N1,10,余,彳; 余
1008,気,spirit,N5,100,气,气; 乂
1009,汽,vapor,N1,10,气,氵; 气
1010,色,color,N4,70,巴,𠂊; 巴
1011,邑,city walls,N1,10,巴,口; 巴
1012,肥,fertilizer,N1,10,巴,月; 巴
1013,把,grasp,N1,10,巴,扌; 巴
1014,杷,grain rake,None,1,巴,木; 巴
1015,琶,lute,None,1,巴,王; 巴
1016,芭,plantain,None,1,巴,艹; 巴
1017,配,distribute,N3,40,酉,酉; 己
1018,酒,sake,N3,40,酉,氵; 酉
1019,酪,dairy products,N1,10,酉,酉; 各
1020,酢,vinegar,N1,10,酉,酉; 乍
1021,酋,chieftain,None,1,酉,八; 酉
1022,酎,hooch,None,1,酉,酉; 寸
1023,頂,place on the head,N3,40,頁,丁; 頁
1024,類,sort,N3,40,頁,米; 頁
1025,煩,anxiety,N1,10,頁,火; 頁
1026,項,paragraph,N1,10,頁,工; 頁
1027,頃,about that time,None,1,頁,匕; 頁
1028,頚,neck and throat,None,1,頁,又; 頁
1029,野,plains,N4,70,予,里; 予
1030,預,deposit,N2,20,予,予; 頁
1031,矛,halberd,N1,10,予,予; 丿
1032,序,preface,N1,10,予,广; 予
1033,冷,cool,N3,40,令,冫; 令
1034,領,jurisdiction,N2,20,令,令; 頁
1035,零,zero,N2,20,令,雨; 令
1036,怜,quickwitted,N1,10,令,忄; 令
1037,玲,tinkling,N1,10,令,王; 令
1038,伶,,None,1,令,亻; 令
1039,苓,cocklebur,None,1,令,艹; 令
1040,銀,silver,N4,70,金,金; 艮
1041,針,needle,N2,20,金,金; 十
1042,鈴,small bell,N1,10,金,金; 令
1043,欽,,None,1,金,金; 欠
1044,錐,awl,None,1,金,金; 隹
1045,釦,button,None,1,金,金; 口
1046,鍾,cluster,None,1,金,金; 重
1047,釘,nail,None,1,金,金; 丁
1048,錆,rust,None,1,金,金; 青
1049,説,explanation,N3,40,兌,言; 兌
1050,鋭,pointed,N2,20,兌,金; 兌
1051,税,tax,N2,20,兌,禾; 兌
1052,悦,ecstasy,N1,10,兌,忄; 兌
1053,閲,review,N1,10,兌,門; 兌
1054,脱,undress,N1,10,兌,月; 兌
1055,買,buy,N4,70,罒,罒; 貝
1056,署,signature,N2,20,罒,罒; 者
1057,爵,baron,N1,10,罒,⺤; 罒
1058,曼,mandala,None,1,罒,日; 罒
1059,蔑,revile,None,1,罒,艹; 罒
1060,罪,guilt,N3,40,非,罒; 非
1061,悲,sad,N3,40,非,非; 心
1062,輩,comrade,N1,10,非,非; 車
1063,扉,front door,N1,10,非,戸; 非
1064,俳,haiku,N1,10,非,亻; 非
1065,排,repudiate,N1,10,非,扌; 非
1066,緋,scarlet,N1,10,非,糸; 非
1067,琲,beaded hairpin,None,1,非,王; 非
1068,誹,slander,None,1,非,言; 非
1069,置,placement,N3,40,直,罒; 直
1070,値,price,N3,40,直,亻; 直
1071,植,plant,N2,20,直,木; 直
1072,殖,augment,N1,10,直,歹; 直
1073,埴,clay,None,1,直,土; 直
1074,両,both,N3,40,山,一; 冂; 山
1075,岸,beach,N2,20,山,山; 厂
1076,微,delicate,N1,10,山,彳; 山
1077,幽,faint,N1,10,山,山; 幺
1078,仙,hermit,N1,10,山,亻; 山
1079,徴,indications,N1,10,山,彳; 山
1080,岡,Mount,None,1,山,冂; 山
1081,出,exit,N5,100,凵,山; 凵
1082,画,brush-stroke,N4,70,凵,一; 由; 凵
1083,凹,concave,N1,10,凵,凵
1084,凸,convex,N1,10,凵,一; 凵
1085,凶,villain,N1,10,凵,乂; 凵
1086,函,bin,None,1,凵,一; 凵
1087,留,detain,N3,40,卯,卯; 田
1088,卵,egg,N2,20,卯,卯; 丶
1089,貿,trade,N2,20,卯,卯; 貝
1090,昴,overarching,N1,10,卯,日; 卯
1091,柳,willow,N1,10,卯,木; 卯
1092,劉,slaughter,None,1,卯,卯; 刂
1093,喜,rejoice,N3,40,吉,吉; 口
1094,周,circumference,N2,20,吉,冂; 吉
1095,詰,packed,N2,20,吉,言; 吉
1096,舎,cottage,N1,10,吉,人; 吉
1097,結,tie,N1,10,吉,糸; 吉
1098,桔,bellflower,None,1,吉,木; 吉
1099,事,matter,N4,70,亅,口; ⺕; 亅
1100,了,complete,N2,20,亅,亅
1101,丁,street,N1,10,亅,一; 亅
1102,牙,tusk,None,1,亅,亅; 丿
1103,館,Bldg.,N4,70,官,飠; 官
1104,管,pipe,N2,20,官,竹; 官
1105,棺,coffin,N1,10,官,木; 官
1106,菅,sedge,None,1,官,艹; 官
1107,曜,weekday,N4,70,翟,日; 翟
1108,濯,laundry,N2,20,翟,氵; 翟
1109,燿,twinkle,N1,10,翟,火; 翟
1110,擢,outstanding,None,1,翟,扌; 翟
1111,借,borrow,N4,70,昔,亻; 昔
1112,錯,confused,N1,10,昔,金; 昔
1113,惜,pity,N1,10,昔,忄; 昔
1114,措,set aside,N1,10,昔,扌; 昔
1115,速,quick,N3,40,束,束; ⻌
1116,頼,trust,N3,40,束,束; 頁
1117,漱,gargle,N1,10,束,氵; 束
1118,勅,imperial order,N1,10,束,束; 力
1119,息,breath,N3,40,自,自; 心
1120,首,neck,N3,40,自,自
1121,臭,stinking,N1,10,自,自; 大
1122,寡,widow,N1,10,自,宀; 自
1123,閉,closed,N3,40,才,門; 才
1124,財,property,N3,40,才,貝; 才
1125,材,lumber,N2,20,才,木; 才
1126,高,tall,N5,100,冋,亠; 冋
1127,友,friend,N5,100,𠂇,𠂇; 又
1128,風,wind,N4,70,虫,几; 虫
1129,蛍,lightning bug,N1,10,虫,⺍; 虫
1130,虹,rainbow,N1,10,虫,虫; 工
1131,蛤,clam,None,1,虫,虫; 合
1132,蛭,leech,None,1,虫,虫; 至
1133,蛎,oyster,None,1,虫,虫; 厂
1134,題,topic,N4,70,是,是; 頁
1135,堤,dike,N1,10,是,土; 是
1136,提,propose,N1,10,是,扌; 是
1137,醍,whey,None,1,是,酉; 是
1138,匙,wooden spoon,None,1,是,是; 匕
1139,運,carry,N4,70,軍,軍; ⻌
1140,揮,brandish,N1,10,軍,扌; 軍
1141,暉,glitter,N1,10,軍,日; 軍
1142,渾,gushing,None,1,軍,氵; 軍
1143,暈,halo,None,1,軍,日; 軍
1144,念,wish,N3,40,今,今; 心
1145,含,include,N2,20,今,今; 口
1146,琴,harp,N1,10,今,王; 今
1147,陰,shade,N1,10,今,⻖; 今
1148,吟,versify,N1,10,今,口; 今
1149,貪,covet,None,1,今,今; 貝
1150,貧,poverty,N3,40,分,分; 貝
1151,粉,flour,N2,20,分,米; 分
1152,雰,atmosphere,N1,10,分,雨; 分
1153,紛,distract,N1,10,分,糸; 分
1154,頒,partition,N1,10,分,分; 頁
1155,扮,disguise,None,1,分,扌; 分
1156,適,suitable,N3,40,啇,啇; ⻌
1157,滴,drip,N2,20,啇,氵; 啇
1158,敵,enemy,N1,10,啇,啇; 攵
1159,嫡,legitimate wife,N1,10,啇,女; 啇
1160,摘,pinch,N1,10,啇,扌; 啇
1161,鏑,,None,1,啇,金; 啇
1162,偉,admirable,N3,40,韋,亻; 韋
1163,違,difference,N3,40,韋,韋; ⻌
1164,緯,horizontal,N1,10,韋,糸; 韋
1165,葦,ditch reed,None,1,韋,艹; 韋
1166,業,profession,N4,70,业,业; 羊
1167,並,row,N2,20,业,八; 业
1168,鑿,bore,None,1,业,业; 金
1169,堂,hall,N4,70,尚,尚; 土
1170,賞,prize,N2,20,尚,尚; 貝
1171,裳,skirt,None,1,尚,尚; 衣
1172,経,sutra,N3,40,圣,糸; 圣
1173,軽,lightly,N2,20,圣,車; 圣
1174,径,diameter,N1,10,圣,彳; 圣
1175,茎,stalk,N1,10,圣,艹; 圣
1176,怪,suspicious,N1,10,圣,忄; 圣
1177,考,consider,N4,70,丂,耂; 丂
1178,巧,adroit,N1,10,丂,工; 丂
1179,朽,decay,N1,10,丂,木; 丂
1180,識,discriminating,N3,40,戠,言; 戠
1181,職,post,N3,40,戠,耳; 戠
1182,織,weave,N1,10,戠,糸; 戠
1183,押,push,N3,40,甲,扌; 甲
1184,単,simple,N3,40,甲,⺍; 甲
1185,岬,headland,N1,10,甲,山; 甲
1186,箱,box,N3,40,相,竹; 相
1187,想,concept,N3,40,相,相; 心
1188,霜,frost,N1,10,相,雨; 相
1189,貸,lend,N4,70,代,代; 貝
1190,袋,sack,N2,20,代,代; 衣
1191,花,flower,N4,70,化,艹; 化
1192,貨,freight,N2,20,化,化; 貝
1193,鳴,chirp,N3,40,鳥,口; 鳥
1194,島,island,N2,20,鳥,鳥; 山
1195,鳩,pigeon,N1,10,鳥,九; 鳥
1196,蔦,vine,N1,10,鳥,艹; 鳥
1197,鳶,black kite,None,1,鳥,弋; 鳥
1198,烏,crow,None,1,鳥,鳥
1199,嶋,island (alternate),None,1,鳥,山; 鳥
1200,鴬,nightingale,None,1,鳥,⺍; 鳥
1201,梟,owl,None,1,鳥,鳥; 木
1202,鴨,wild duck,None,1,鳥,甲; 鳥
1203,包,wrap,N2,20,勹,勹; 己
1204,旬,decameron,N1,10,勹,勹; 日
1205,為,do,N1,10,勹,丶; 勹; 灬
1206,勺,ladle,N1,10,勹,勹; 丶
1207,匁,monme,N1,10,勹,勹; 乂
1208,句,phrase,N1,10,勹,勹; 口
1209,陶,pottery,N1,10,勹,⻖; 勹
1210,匂,aroma,None,1,勹,勹; 匕
1211,萄,grape vine,None,1,勹,艹; 勹
1212,芻,hay,None,1,勹,勹
1213,勾,hooked,None,1,勹,勹; 厶
1214,勿,not,None,1,勹,勹
1215,皆,all,N3,40,比,比; 白
1216,批,criticism,N1,10,比,扌; 比
1217,鹿,deer,N1,10,比,广; 比
1218,昆,descendants,N1,10,比,日; 比
1219,陛,highness,N1,10,比,⻖; 比
1220,琵,biwa,None,1,比,王; 比
1221,屁,fart,None,1,比,尸; 比
1222,枇,loquat,None,1,比,木; 比
1223,庇,overhang,None,1,比,广; 比
1224,箆,spatula,None,1,比,竹; 比
1225,朝,morning,N4,70,𠦝,𠦝; 月
1226,幹,tree trunk,N1,10,𠦝,𠦝; 人
1227,韓,Korea,None,1,𠦝,𠦝; 韋
1228,斡,auspices,None,1,𠦝,𠦝; 斗
1229,翰,quill,None,1,𠦝,𠦝; 羽
1230,偶,accidentally,N3,40,禺,亻; 禺
1231,隅,corner,N2,20,禺,⻖; 禺
1232,愚,foolish,N1,10,禺,禺; 心
1233,遇,interview,N1,10,禺,禺; ⻌
1234,寓,imply,None,1,禺,宀; 禺
1235,萬,ten thousand (old),None,1,禺,艹; 禺
1236,仲,go-between,N2,20,中,亻; 中
1237,虫,insect,N2,20,中,中
1238,遣,dispatch,N1,10,中,中; ⻌
1239,忠,loyalty,N1,10,中,中; 心
1240,沖,open sea,N1,10,中,氵; 中
1241,貴,precious,N1,10,中,中; 貝
1242,串,shish kebab,None,1,中,口; 中
1243,対,vis-a-vis,N3,40,文,文; 寸
1244,斉,adjusted,N1,10,文,文; 二
1245,紋,family crest,N1,10,文,糸; 文
1246,蚊,mosquito,N1,10,文,虫; 文
1247,斐,symmetrically patterned,N1,10,文,非; 文
1248,斑,speckled,None,1,文,王; 文
1249,景,scenery,N3,40,京,日; 京
1250,涼,refreshing,N2,20,京,氵; 京
1251,椋,Oriental elm,N1,10,京,木; 京
1252,諒,verify,N1,10,京,言; 京
1253,掠,,None,1,京,扌; 京
1254,神,gods,N3,40,申,礻; 申
1255,伸,expand,N2,20,申,亻; 申
1256,暢,carefree,N1,10,申,申; 昜
1257,紳,sire,N1,10,申,糸; 申
1258,坤,authochthonous,None,1,申,土; 申
1259,姉,elder sister,N4,70,市,女; 市
1260,肺,lungs,N1,10,市,月; 市
1261,柿,persimmon,None,1,市,木; 市
1262,知,know,N4,70,矢,矢; 口
1263,侯,marquis,N1,10,矢,亻; 矢
1264,雉,pheasant,None,1,矢,矢; 隹
1265,医,doctor,N4,70,匸,匸; 矢
1266,亡,deceased,N3,40,匸,亠; 匸
1267,匹,equal,N2,20,匸,匸; 儿
1268,区,ward,N2,20,匸,匸; 乂
1269,都,metropolis,N3,40,⻏,者; ⻏
1270,郊,outskirts,N2,20,⻏,交; ⻏
1271,耶,exclamation,N1,10,⻏,耳; ⻏
1272,那,interrogative,N1,10,⻏,二; ⻏
1273,部,section,N3,40,咅,咅; ⻏
1274,倍,double,N2,20,咅,亻; 咅
1275,陪,auxiliary,N1,10,咅,⻖; 咅
1276,賠,compensation,N1,10,咅,貝; 咅
1277,培,cultivate,N1,10,咅,土; 咅
1278,剖,divide,N1,10,咅,咅; 刂
1279,菩,bo tree,None,1,咅,艹; 咅
1280,論,argument,N3,40,侖,言; 侖
1281,輪,wheel,N2,20,侖,車; 侖
1282,倫,ethics,N1,10,侖,亻; 侖
1283,綸,twine,N1,10,侖,糸; 侖
1284,構,posture,N3,40,冓,木; 冓
1285,講,lecture,N2,20,冓,言; 冓
1286,溝,gutter,N1,10,冓,氵; 冓
1287,購,subscription,N1,10,冓,貝; 冓
1288,残,remainder,N3,40,戋,歹; 戋
1289,浅,shallow,N2,20,戋,氵; 戋
1290,銭,coin,N1,10,戋,金; 戋
1291,桟,scaffold,N1,10,戋,木; 戋
1292,積,volume,N3,40,責,禾; 責
1293,績,exploits,N2,20,責,糸; 責
1294,債,bond,N1,10,責,亻; 責
1295,漬,pickling,N1,10,責,氵; 責
1296,深,deep,N3,40,㓁,氵; 㓁
1297,探,grope,N3,40,㓁,扌; 㓁
1298,杯,cupfuls,N3,40,不,木; 不
1299,否,negate,N3,40,不,不; 口
1300,終,end,N4,70,冬,糸; 冬
1301,柊,holly,N1,10,冬,木; 冬
1302,怒,angry,N3,40,奴,奴; 心
1303,努,toil,N3,40,奴,奴; 力
1304,教,teach,N4,70,孝,孝; 攵
1305,酵,fermentation,N1,10,孝,酉; 孝
1306,院,Inst.,N4,70,完,⻖; 完
1307,莞,candle rush,N1,10,完,艹; 完
1308,開,open,N4,70,开,門; 开
1309,刑,punish,N1,10,开,开; 刂
1310,研,polish,N4,70,石,石; 开
1311,岩,boulder,N2,20,石,山; 石
1312,砂,sand,N2,20,石,石; 少
1313,碧,blue-green,N1,10,石,王; 石
1314,拓,clear the land,N1,10,石,扌; 石
1315,碩,illustrious,N1,10,石,石; 頁
1316,砥,grindstone,None,1,石,石; 氏
1317,硯,inkstone,None,1,石,石; 見
1318,妬,jealous,None,1,石,女; 石
1319,碓,mill,None,1,石,石; 隹
1320,砺,whetstone,None,1,石,石; 厂
1321,柘,wild mulberry,None,1,石,木; 石
1322,彼,he,N3,40,皮,彳; 皮
1323,破,rend,N3,40,皮,石; 皮
1324,波,waves,N2,20,皮,氵; 皮
1325,披,expose,N1,10,皮,扌; 皮
1326,頗,exceedingly,None,1,皮,皮; 頁
1327,期,period,N3,40,其,其; 月
1328,碁,Go,N1,10,其,其; 石
1329,棋,chess piece,N1,10,其,木; 其
1330,欺,deceit,N1,10,其,其; 欠
1331,基,fundamentals,N1,10,其,其; 土
1332,斯,this,None,1,其,其; 斤
1333,簸,winnow,None,1,其,竹; 其
1334,箕,winnowing fan,None,1,其,竹; 其
1335,消,extinguish,N3,40,肖,氵; 肖
1336,硝,nitrate,N1,10,肖,石; 肖
1337,削,plane,N1,10,肖,肖; 刂
1338,梢,treetops,N1,10,肖,木; 肖
1339,宵,wee hours,N1,10,肖,宀; 肖
1340,蛸,octopus,None,1,肖,虫; 肖
1341,屑,rubbish,None,1,肖,尸; 肖
1342,哨,scout,None,1,肖,口; 肖
1343,抱,embrace,N3,40,包,扌; 包
1344,泡,bubble,N1,10,包,氵; 包
1345,砲,cannon,N1,10,包,石; 包
1346,胞,placenta,N1,10,包,月; 包
1347,飽,sated,N1,10,包,飠; 包
1348,庖,cleaver,None,1,包,广; 包
1349,形,shape,N3,40,彡,开; 彡
1350,彫,carve,N1,10,彡,周; 彡
1351,杉,cedar,N1,10,彡,木; 彡
1352,彦,lad,N1,10,彡,立; 厂; 彡
1353,須,ought,N1,10,彡,彡; 頁
1354,弟,younger brother,N4,70,弔,八; 弔
1355,第,No.,N1,10,弔,竹; 弔
1356,体,body,N4,70,本,亻; 本
1357,鉢,bowl,N1,10,本,金; 本
1358,察,guess,N3,40,祭,宀; 祭
1359,際,occasion,N3,40,祭,⻖; 祭
1360,遠,distant,N3,40,袁,袁; ⻌
1361,園,park,N3,40,袁,囗; 袁
1362,賢,intelligent,N2,20,臣,臣; 貝
1363,臨,look to,N1,10,臣,臣; 𠂉
1364,覧,perusal,N1,10,臣,臣; 見
1365,姫,princess,N1,10,臣,女; 臣
1366,堅,strict,N1,10,臣,臣; 土
1367,緊,tense,N1,10,臣,臣; 糸
1368,腎,kidney,None,1,臣,臣; 月
1369,竪,longness,None,1,臣,臣; 立
1370,臥,supinate,None,1,臣,臣; 人
1371,漁,fishing,N2,20,魚,氵; 魚
1372,鯉,carp,N1,10,魚,魚; 里
1373,鮮,fresh,N1,10,魚,魚; 羊
1374,鯛,sea bream,N1,10,魚,魚; 周
1375,鮎,sweet smelt,N1,10,魚,魚; 占
1376,鯨,whale,N1,10,魚,魚; 京
1377,鯖,mackerel,None,1,魚,魚; 青
1378,蘇,resurrect,None,1,魚,艹; 魚
1379,鮫,shark,None,1,魚,魚; 交
1380,捕,catch,N3,40,甫,扌; 甫
1381,浦,bay,N1,10,甫,氵; 甫
1382,輔,reinforce,N1,10,甫,車; 甫
1383,舗,shop,N1,10,甫,人; 甫
1384,鋪,shop (alternate),None,1,甫,金; 甫
1385,哺,suckle,None,1,甫,口; 甫
1386,圃,vegetable patch,None,1,甫,囗; 甫
1387,凍,frozen,N2,20,東,冫; 東
1388,練,practice,N2,20,東,糸; 東
1389,陳,line up,N1,10,東,⻖; 東
1390,棟,ridgepole,N1,10,東,木; 東
1391,錬,tempering,N1,10,東,金; 東
1392,煉,firing,None,1,東,火; 東
1393,諌,remonstrate,None,1,東,言; 東
1394,成,turn into,N3,40,戈,𠂊; 戈
1395,戒,commandment,N1,10,戈,戈; 廾
1396,我,ego,N1,10,戈,丿; 戈; 亅
1397,伐,fell,N1,10,戈,亻; 戈
1398,或,a  (a certain),None,1,戈,戈; 口; 一
1399,畿,capital suburbs,None,1,戈,幺; 戈; 田
1400,路,path,N3,40,足,足; 各
1401,躍,leap,N1,10,足,足; 翟
1402,促,stimulate,N1,10,足,亻; 足
1403,践,tread,N1,10,足,足; 戋
1404,捉,nab,None,1,足,扌; 足
1405,蹟,vestiges,None,1,足,足; 責
1406,通,traffic,N4,70,甬,甬; ⻌
1407,踊,jump,N2,20,甬,足; 甬
1408,桶,bucket,None,1,甬,木; 甬
1409,痛,pain,N3,40,疒,疒; 甬
1410,疲,tired,N3,40,疒,疒; 皮
1411,疫,epidemic,N1,10,疒,疒; 殳
1412,疾,rapidly,N1,10,疒,疒; 矢
1413,瘍,carbuncle,None,1,疒,疒; 昜
1414,痔,hemorrhoids,None,1,疒,疒; 寺
1415,痒,itch,None,1,疒,疒; 羊
1416,疹,measles,None,1,疒,疒; 彡
1417,痕,scar,None,1,疒,疒; 艮
1418,変,unusual,N3,40,亦,亦; 夂
1419,恋,romance,N2,20,亦,亦; 心
1420,跡,tracks,N2,20,亦,足; 亦
1421,蛮,barbarian,N1,10,亦,亦; 虫
1422,逃,escape,N3,40,兆,兆; ⻌
1423,挑,challenge,N1,10,兆,扌; 兆
1424,跳,hop,N1,10,兆,足; 兆
1425,桃,peach tree,N1,10,兆,木; 兆
1426,眺,stare,N1,10,兆,目; 兆
1427,銚,keg,None,1,兆,金; 兆
1428,政,politics,N3,40,正,正; 攵
1429,証,evidence,N1,10,正,言; 正
1430,柾,spindle tree,N1,10,正,木; 正
1431,征,subjugate,N1,10,正,彳; 正
1432,症,symptoms,N1,10,正,疒; 正
1433,鉦,carillion,None,1,正,金; 正
1434,建,build,N4,70,廴,聿; 廴
1435,延,prolong,N2,20,廴,正; 廴
1436,頭,head,N3,40,豆,豆; 頁
1437,短,short,N2,20,豆,矢; 豆
1438,闘,fight,N1,10,豆,門; 豆; 寸
1439,痘,pox,N1,10,豆,疒; 豆
1440,厨,kitchen,None,1,豆,厂; 豆
1441,発,discharge,N4,70,癶,癶; 二
1442,登,ascend,N3,40,癶,癶; 豆
1443,病,ill,N4,70,丙,疒; 丙
1444,柄,design,N1,10,丙,木; 丙
1445,真,true,N4,70,具,十; 具
1446,惧,disquieting,None,1,具,忄; 具
1447,倶,mate,None,1,具,亻; 具
1448,震,quake,N2,20,辰,雨; 辰
1449,辱,embarrass,N1,10,辰,辰; 寸
1450,唇,lips,N1,10,辰,辰; 口
1451,晨,morrow,N1,10,辰,日; 辰
1452,振,shake,N1,10,辰,扌; 辰
1453,娠,with child,N1,10,辰,女; 辰
1454,賑,bustling,None,1,辰,貝; 辰
1455,枝,bough,N2,20,支,木; 支
1456,技,skill,N2,20,支,扌; 支
1457,岐,branch off,N1,10,支,山; 支
1458,肢,limb,N1,10,支,月; 支
1459,伎,performing artist,N1,10,支,亻; 支
1460,妓,courtesan,None,1,支,女; 支
1461,量,quantity,N2,20,旦,旦; 里
1462,担,shouldering,N2,20,旦,扌; 旦
1463,胆,gall bladder,N1,10,旦,月; 旦
1464,但,however,N1,10,旦,亻; 旦
1465,亘,span,N1,10,旦,二; 旦
1466,坦,flat,None,1,旦,土; 旦
1467,昼,daytime,N4,70,尺,尺; 旦
1468,択,choose,N1,10,尺,扌; 尺
1469,尽,exhaust,N1,10,尺,尺; 冫
1470,沢,swamp,N1,10,尺,氵; 尺
1471,訳,translate,N1,10,尺,言; 尺
1472,呎,foot,None,1,尺,口; 尺
1473,駅,station,N4,70,馬,馬; 尺
1474,駐,parking,N2,20,馬,馬; 主
1475,騒,boisterous,N1,10,馬,馬; 又
1476,篤,fervent,N1,10,馬,竹; 馬
1477,罵,insult,None,1,馬,罒; 馬
1478,馳,rush,None,1,馬,馬; 也
1479,験,verification,N4,70,㑒,馬; 㑒
1480,険,precipitous,N3,40,㑒,⻖; 㑒
1481,検,examination,N1,10,㑒,木; 㑒
1482,倹,frugal,N1,10,㑒,亻; 㑒
1483,剣,saber,N1,10,㑒,㑒; 刂
1484,寄,draw near,N3,40,奇,宀; 奇
1485,騎,equestrian,N1,10,奇,馬; 奇
1486,綺,ornate,N1,10,奇,糸; 奇
1487,崎,promontory,N1,10,奇,山; 奇
1488,埼,cape,None,1,奇,土; 奇
1489,椅,chair,None,1,奇,木; 奇
1490,刻,engrave,N3,40,亥,亥; 刂
1491,該,above-stated,N1,10,亥,言; 亥
1492,劾,censure,N1,10,亥,亥; 力
1493,核,nucleus,N1,10,亥,木; 亥
1494,咳,cough,None,1,亥,口; 亥
1495,況,but of course,N2,20,兄,氵; 兄
1496,祝,celebrate,N2,20,兄,礻; 兄
1497,党,party,N2,20,兄,尚; 兄
1498,克,overcome,N1,10,兄,古; 兄
1499,呪,curse,None,1,兄,口; 兄
1500,定,determine,N3,40,疋,宀; 疋
1501,従,accompany,N1,10,疋,彳; 疋
1502,疎,alienate,N1,10,疋,疋; 束
1503,是,just so,N1,10,疋,日; 疋
1504,蛋,protein,None,1,疋,疋; 虫
1505,娘,daughter,N3,40,良,女; 良
1506,朗,melodious,N1,10,良,良; 月
1507,郎,son,N1,10,良,良; ⻏
1508,浪,wandering,N1,10,良,氵; 良
1509,莨,tobacco,None,1,良,艹; 良
1510,要,need,N3,40,覀,覀; 女
1511,栗,chestnut,N1,10,覀,覀; 木
1512,遷,transition,N1,10,覀,覀; ⻌
1513,価,value,N1,10,覀,亻; 覀
1514,粟,foxtail millet,None,1,覀,覀; 米
1515,悪,bad,N4,70,亜,亜; 心
1516,唖,babble,None,1,亜,口; 亜
1517,界,world,N4,70,介,田; 介
1518,芥,mustard,None,1,介,艹; 介
1519,試,test,N4,70,式,言; 式
1520,拭,wipe,None,1,式,扌; 式
1521,療,heal,N2,20,尞,疒; 尞
1522,僚,colleague,N1,10,尞,亻; 尞
1523,寮,dormitory,N1,10,尞,宀; 尞
1524,遼,faraway,N1,10,尞,尞; ⻌
1525,瞭,obvious,N1,10,尞,目; 尞
1526,燎,watchfire,N1,10,尞,火; 尞
1527,銅,copper,N2,20,同,金; 同
1528,筒,cylinder,N2,20,同,竹; 同
1529,洞,den,N1,10,同,氵; 同
1530,桐,paulownia,N1,10,同,木; 同
1531,胴,trunk,N1,10,同,月; 同
1532,当,hit,N3,40,⺌,⺌; ⺕
1533,鎖,chain,N1,10,⺌,金; ⺌
1534,尚,esteem,N1,10,⺌,⺌; 冋
1535,肖,resemblance,N1,10,⺌,⺌; 月
1536,永,eternity,N2,20,水,丶; 水
1537,氷,icicle,N2,20,水,水; 丶
1538,泉,spring,N2,20,水,白; 水
1539,尿,urine,N1,10,水,尸; 水
1540,寝,lie down,N3,40,⺦,宀; ⺦
1541,将,leader,N2,20,⺦,⺦; ⺤
1542,壮,robust,N1,10,⺦,⺦; 士
1543,草,grass,N3,40,早,艹; 早
1544,章,badge,N2,20,早,音; 早
1545,卓,eminent,N1,10,早,卜; 早
1546,務,task,N3,40,矛,矛; 攵
1547,柔,tender,N2,20,矛,矛; 木
1548,茅,grassy reed,N1,10,矛,艹; 矛
1549,写,copy,N4,70,与,冖; 与
1550,使,use,N4,70,吏,亻; 吏
1551,歌,song,N4,70,哥,哥; 欠
1552,道,road-way,N4,70,首,首; ⻌
1553,被,incur,N2,20,衤,衤; 皮
1554,補,supplement,N2,20,衤,衤; 甫
1555,裕,abundant,N1,10,衤,衤; 谷
1556,衿,lapel,N1,10,衤,衤; 今
1557,裡,back (old),None,1,衤,衤; 里
1558,袷,lined kimono,None,1,衤,衤; 合
1559,袖,sleeve,None,1,衤,衤; 由
1560,初,first time,N3,40,刀,衤; 刀
1561,辺,environs,N2,20,刀,刀; ⻌
1562,召,seduce,N2,20,刀,刀; 口
1563,刃,blade,N1,10,刀,刀; 丶
1564,分,part,None,1,刀,八; 刀
1565,腹,abdomen,N3,40,复,月; 复
1566,複,duplicate,N2,20,复,衤; 复
1567,復,restore,N2,20,复,彳; 复
1568,切,cut,N4,70,七,七; 刀
1569,叱,scold,None,1,七,口; 七
1570,約,promise,N3,40,勺,糸; 勺
1571,釣,angling,N1,10,勺,金; 勺
1572,酌,bartending,N1,10,勺,酉; 勺
1573,的,bull's eye,None,1,勺,白; 勺
1574,灼,refulgent,None,1,勺,火; 勺
1575,杓,wooden ladle,None,1,勺,木; 勺
1576,戦,war,N3,40,単,単; 戈
1577,禅,Zen,N1,10,単,礻; 単
1578,弾,bullet,N1,10,単,弓; 単
1579,蝉,cicada,None,1,単,虫; 単
1580,騨,piebald,None,1,単,馬; 単
1581,箪,rattan box,None,1,単,竹; 単
1582,指,finger,N3,40,旨,扌; 旨
1583,脂,fat,N2,20,旨,月; 旨
1584,嘗,lick,None,1,旨,尚; 旨
1585,鮨,sushi,None,1,旨,魚; 旨
1586,詣,visit a shrine,None,1,旨,言; 旨
1587,嘉,applaud,N1,10,加,吉; 加
1588,賀,congratulations,N1,10,加,加; 貝
1589,茄,eggplant,N1,10,加,艹; 加
1590,架,erect,N1,10,加,加; 木
1591,伽,look after,N1,10,加,亻; 加
1592,袈,stole,N1,10,加,加; 衣
1593,珈,jeweled hairpin,None,1,加,王; 加
1594,駕,stretcher,None,1,加,加; 馬
1595,詞,parts of speech,N2,20,司,言; 司
1596,伺,pay respects,N2,20,司,亻; 司
1597,飼,domesticate,N1,10,司,飠; 司
1598,嗣,heir,N1,10,司,口; 司
1599,覗,peek,None,1,司,司; 見
1600,笥,wardrobe,None,1,司,竹; 司
1601,判,judgment,N3,40,半,半; 刂
1602,伴,consort,N1,10,半,亻; 半
1603,畔,paddy ridge,N1,10,半,田; 半
1604,叛,rebellion,None,1,半,半; 反
1605,絆,ties,None,1,半,糸; 半
1606,吸,suck,N3,40,及,口; 及
1607,級,class,N1,10,及,糸; 及
1608,扱,handle,N1,10,及,扌; 及
1609,笈,backpack,None,1,及,竹; 及
1610,汲,draw water,None,1,及,氵; 及
1611,決,decide,N3,40,夬,氵; 夬
1612,快,cheerful,N2,20,夬,忄; 夬
1613,抉,gouge out,None,1,夬,扌; 夬
1614,訣,split up,None,1,夬,言; 夬
1615,便,convenience,N3,40,更,亻; 更
1616,硬,stiff,N2,20,更,石; 更
1617,甦,resuscitate,None,1,更,更; 生
1618,梗,spiny,None,1,更,木; 更
1619,酸,acid,N1,10,夋,酉; 夋
1620,竣,complete a job,N1,10,夋,立; 夋
1621,俊,sagacious,N1,10,夋,亻; 夋
1622,駿,steed,N1,10,夋,馬; 夋
1623,峻,steep,N1,10,夋,山; 夋
1624,唆,tempt,N1,10,夋,口; 夋
1625,悛,make amends,None,1,夋,忄; 夋
1626,流,current,N3,40,㐬,氵; 㐬
1627,琉,lapis lazuli,N1,10,㐬,王; 㐬
1628,硫,sulfur,N1,10,㐬,石; 㐬
1629,疏,transcription,None,1,㐬,疋; 㐬
1630,完,perfect,N3,40,元,宀; 元
1631,冠,crown,N1,10,元,冖; 元
1632,頑,stubborn,N1,10,元,元; 頁
1633,玩,toy,None,1,元,王; 元
1634,供,submit,N3,40,共,亻; 共
1635,洪,deluge,N1,10,共,氵; 共
1636,異,uncommon,N1,10,共,田; 共
1637,巽,,None,1,共,己; 共
1638,過,overdo,N3,40,咼,咼; ⻌
1639,禍,calamity,N1,10,咼,礻; 咼
1640,渦,whirlpool,N1,10,咼,氵; 咼
1641,鍋,pot,None,1,咼,金; 咼
1642,訓,instruction,N2,20,川,言; 川
1643,順,obey,N2,20,川,川; 頁
1644,州,state,N2,20,川,丶; 川
1645,馴,tame,None,1,川,馬; 川
1646,状,status quo,N3,40,犬,⺦; 犬
1647,獣,animal,N1,10,犬,⺍; 犬
1648,伏,prostrated,N1,10,犬,亻; 犬
1649,吠,barking,None,1,犬,口; 犬
1650,議,deliberation,N3,40,義,言; 義
1651,儀,ceremony,N1,10,義,亻; 義
1652,犠,sacrifice,N1,10,義,牛; 義
1653,蟻,ant,None,1,義,虫; 義
1654,辞,resign,N3,40,辛,舌; 辛
1655,梓,catalpa,N1,10,辛,木; 辛
1656,宰,superintend,N1,10,辛,宀; 辛
1657,辣,bitter,None,1,辛,辛; 束
1658,熱,heat,N3,40,埶,埶; 灬
1659,勢,forces,N2,20,埶,埶; 力
1660,藝,technique (old),None,1,埶,艹; 埶; 云
1661,農,agriculture,N2,20,曲,曲; 辰
1662,豊,bountiful,N2,20,曲,曲; 豆
1663,曹,cadet,N1,10,曲,曲; 日
1664,典,code,N1,10,曲,曲; 八
1665,課,chapter,N2,20,果,言; 果
1666,菓,confectionary,N2,20,果,艹; 果
1667,裸,naked,N1,10,果,衤; 果
1668,巣,nest,N1,10,果,⺍; 果
1669,例,example,N3,40,列,亻; 列
1670,烈,ardent,N1,10,列,列; 灬
1671,裂,split,N1,10,列,列; 衣
1672,局,bureau,N3,40,句,尸; 句
1673,拘,arrest,N1,10,句,扌; 句
1674,駒,pony,N1,10,句,馬; 句
1675,任,responsibility,N3,40,壬,亻; 壬
1676,廷,courts,N1,10,壬,壬; 廴
1677,妊,pregnancy,N1,10,壬,女; 壬
1678,済,finish,N3,40,斉,氵; 斉
1679,剤,dose,N1,10,斉,斉; 刂
1680,斎,purification,N1,10,斉,斉
1681,側,side,N3,40,則,亻; 則
1682,測,fathom,N2,20,則,氵; 則
1683,飛,fly,N3,40,升,升
1684,昇,rise up,N2,20,升,日; 升
1685,感,emotion,N3,40,咸,咸; 心
1686,減,dwindle,N2,20,咸,氵; 咸
1687,浮,floating,N3,40,孚,氵; 孚
1688,乳,milk,N2,20,孚,孚; 乙
1689,怖,dreadful,N3,40,布,忄; 布
1690,希,hope,N2,20,布,乂; 布
1691,費,expense,N3,40,弗,弗; 貝
1692,沸,seethe,N2,20,弗,氵; 弗
1693,係,person in charge,N3,40,系,亻; 系
1694,孫,grandchild,N2,20,系,子; 系
1695,解,unravel,N3,40,角,角; 刀
1696,触,contact,N2,20,角,角; 虫
1697,猪,boar,N1,10,⺨,⺨; 者
1698,狂,lunatic,N1,10,⺨,⺨; 王
1699,猿,monkey,N1,10,⺨,⺨; 袁
1700,獄,prison,N1,10,⺨,⺨; 言
1701,独,single,N1,10,⺨,⺨; 虫
1702,狛,a-un,None,1,⺨,⺨; 白
1703,狙,aim at,None,1,⺨,⺨; 且
1704,狒,baboon,None,1,⺨,⺨; 弗
1705,狡,cunning,None,1,⺨,⺨; 交
1706,狽,flustered,None,1,⺨,⺨; 貝
1707,狗,pup,None,1,⺨,⺨; 句
1708,狸,racoon dog,None,1,⺨,⺨; 里
1709,狼,wolf,None,1,⺨,⺨; 良
1710,封,seal,N2,20,圭,圭; 寸
1711,奎,Andromeda,N1,10,圭,大; 圭
1712,桂,Japanese Judas-tree,N1,10,圭,木; 圭
1713,佳,excellent,N1,10,圭,亻; 圭
1714,珪,,None,1,圭,王; 圭
1715,娃,fair,None,1,圭,女; 圭
1716,蛙,frog,None,1,圭,虫; 圭
1717,畦,paddy-field ridge,None,1,圭,田; 圭
1718,鮭,salmon,None,1,圭,魚; 圭
1719,森,forest,N2,20,林,木; 林
1720,暦,calendar,N1,10,林,厂; 林
1721,琳,chime,N1,10,林,王; 林
1722,麻,hemp,N1,10,林,广; 林
1723,焚,kindle,None,1,林,林; 火
1724,埜,plains (old),None,1,林,林; 土
1725,淋,solitude,None,1,林,氵; 林
1726,禁,prohibition,N2,20,示,林; 示
1727,祭,ritual,N2,20,示,月; 示
1728,奈,Nara,N1,10,示,大; 示
1729,票,ballot,N1,10,示,覀; 示
1730,宗,religion,N1,10,示,宀; 示
1731,蒜,garlic,None,1,示,艹; 示
1732,祇,local god,None,1,示,示; 氏
1733,最,utmost,N3,40,取,日; 取
1734,趣,gist,N1,10,取,走; 取
1735,聚,,None,1,取,取; 亻
1736,諏,,None,1,取,言; 取
1737,叢,conglomerate,None,1,取,丶; 取
1738,畜,livestock,N2,20,玄,玄; 田
1739,弦,bowstring,N1,10,玄,弓; 玄
1740,絃,catgut,N1,10,玄,糸; 玄
1741,率,ratio,N1,10,玄,玄; 冫; 十
1742,眩,dizzy,None,1,玄,目; 玄
1743,牽,tug,None,1,玄,玄; 牛
1744,法,method,N3,40,去,氵; 去
1745,却,instead,N1,10,去,去; 卩
1746,劫,kalpa,None,1,去,去; 力
1747,怯,wince,None,1,去,忄; 去
1748,葉,leaf,N3,40,枼,艹; 枼
1749,蝶,butterfly,N1,10,枼,虫; 枼
1750,喋,chatter,None,1,枼,口; 枼
1751,諜,secret agent,None,1,枼,言; 枼
1752,資,assets,N3,40,次,次; 貝
1753,姿,figure,N1,10,次,次; 女
1754,茨,briar,None,1,次,艹; 次
1755,恣,selfish,None,1,次,次; 心
1756,盗,steal,N3,40,皿,次; 皿
1757,血,blood,N2,20,皿,皿
1758,盆,basin,N1,10,皿,分; 皿
1759,益,benefit,N1,10,皿,八; 皿
1760,監,oversee,N1,10,皿,臣; 皿
1761,孟,,None,1,皿,子; 皿
1762,惇,considerate,N1,10,享,忄; 享
1763,敦,empathetic,N1,10,享,享; 攵
1764,郭,enclosure,N1,10,享,享; ⻏
1765,淳,immaculate,N1,10,享,氵; 享
1766,諄,polite,N1,10,享,言; 享
1767,醇,strong sake,None,1,享,酉; 享
1768,綾,damask,N1,10,夌,糸; 夌
1769,稜,imperial authority,N1,10,夌,禾; 夌
1770,陵,mausoleum,N1,10,夌,⻖; 夌
1771,凌,pull through,N1,10,夌,冫; 夌
1772,崚,rugged mountains,N1,10,夌,山; 夌
1773,菱,diamond,None,1,夌,艹; 夌
1774,謁,audience,N1,10,曷,言; 曷
1775,褐,brown,N1,10,曷,衤; 曷
1776,喝,hoarse,N1,10,曷,口; 曷
1777,掲,put up a notice,N1,10,曷,扌; 曷
1778,渇,thirst,N1,10,曷,氵; 曷
1779,葛,kudzu,None,1,曷,艹; 曷
1780,塊,clod,N1,10,鬼,土; 鬼
1781,魅,fascination,N1,10,鬼,鬼; 未
1782,魁,pioneer,N1,10,鬼,鬼; 斗
1783,魂,soul,N1,10,鬼,云; 鬼
1784,醜,ugly,N1,10,鬼,酉; 鬼
1785,蒐,collector,None,1,鬼,艹; 鬼
1786,欧,Europe,N2,20,区,区; 欠
1787,殴,assault,N1,10,区,区; 殳
1788,駆,drive,N1,10,区,馬; 区
1789,枢,hinge,N1,10,区,木; 区
1790,鴎,seagull,None,1,区,区; 鳥
1791,府,municipality,N2,20,付,广; 付
1792,符,token,N2,20,付,竹; 付
1793,附,affixed,N1,10,付,⻖; 付
1794,鮒,crucian carp,None,1,付,魚; 付
1795,寒,cold,N3,40,三,宀; 三
1796,菫,violet,N1,10,三,艹; 三
1797,寿,longevity,None,1,三,三; 丿; 寸
1798,許,permit,N3,40,午,言; 午
1799,卸,wholesale,N1,10,午,午; 卩
1800,杵,wooden pestle,None,1,午,木; 午
1801,若,young,N3,40,右,艹; 右
1802,祐,ancestral tablet,N1,10,右,礻; 右
1803,佑,,None,1,右,亻; 右
1804,求,request,N3,40,氺,氺; 丶
1805,泰,peaceful,N1,10,氺,𡗗; 氺
1806,黍,millet,None,1,氺,禾; 氺
1807,談,discuss,N3,40,炎,言; 炎
1808,淡,thin,N1,10,炎,氵; 炎
1809,痰,phlegm,None,1,炎,疒; 炎
1810,猫,cat,N3,40,苗,⺨; 苗
1811,描,sketch,N1,10,苗,扌; 苗
1812,錨,anchor,None,1,苗,金; 苗
1813,番,turn,N3,40,釆,釆; 田
1814,釈,interpretation,N1,10,釆,釆; 尺
1815,悉,without exception,None,1,釆,釆; 心
1816,醸,brew,N1,10,㐮,酉; 㐮
1817,穣,bumper crop,N1,10,㐮,禾; 㐮
1818,譲,defer,N1,10,㐮,言; 㐮
1819,嬢,lass,N1,10,㐮,女; 㐮
1820,壌,lot,N1,10,㐮,土; 㐮
1821,頌,accolade,N1,10,公,公; 頁
1822,聡,attentive,N1,10,公,耳; 公
1823,松,pine tree,N1,10,公,木; 公
1824,訟,sue,N1,10,公,言; 公
1825,翁,venerable old man,N1,10,公,公; 羽
1826,撃,beat,N1,10,手,車; 手
1827,拳,fist,N1,10,手,二; 手
1828,掌,manipulate,N1,10,手,尚; 手
1829,挙,raise,N1,10,手,⺍; 手
1830,看,watch over,N1,10,手,手; 目
1831,造,create,N2,20,告,告; ⻌
1832,浩,abounding,N1,10,告,氵; 告
1833,皓,beaming,N1,10,告,白; 告
1834,酷,cruel,N1,10,告,酉; 告
1835,城,castle,N2,20,成,土; 成
1836,晟,aglow,N1,10,成,日; 成
1837,盛,boom,N1,10,成,成; 皿
1838,誠,sincerity,N1,10,成,言; 成
1839,採,pick,N2,20,采,扌; 采
1840,菜,vegetable,N2,20,采,艹; 采
1841,彩,coloring,N1,10,采,采; 彡
1842,宅,home,N3,40,乇,宀; 乇
1843,託,consign,N1,10,乇,言; 乇
1844,静,quiet,N3,40,争,青; 争
1845,浄,clean,N1,10,争,氵; 争
1846,洗,wash,N3,40,先,氵; 先
1847,銑,pig iron,N1,10,先,金; 先
1848,働,work,N3,40,動,亻; 動
1849,勲,meritorious deed,N1,10,動,動; 灬
1850,迎,welcome,N3,40,卬,卬; ⻌
1851,仰,faceup,N1,10,卬,亻; 卬
1852,願,petition,N3,40,原,原; 頁
1853,源,source,N1,10,原,氵; 原
1854,誤,mistake,N3,40,呉,言; 呉
1855,娯,recreation,N1,10,呉,女; 呉
1856,数,number,N3,40,娄,娄; 攵
1857,楼,watchtower,N1,10,娄,木; 娄
1858,割,proportion,N3,40,害,害; 刂
1859,轄,control,N1,10,害,車; 害
1860,確,assurance,N3,40,寉,石; 寉
1861,鶴,crane,N1,10,寉,寉; 鳥
1862,君,old boy,N3,40,尹,尹; 口
1863,伊,Italy,N1,10,尹,亻; 尹
1864,機,mechanism,N3,40,幾,木; 幾
1865,磯,rocky beach,N1,10,幾,石; 幾
1866,歳,year-end,N3,40,戌,止; 戌; 小
1867,滅,destroy,N1,10,戌,氵; 戌
1868,幾,how many,N3,40,戍,幺; 戍
1869,威,intimidate,N1,10,戍,戍; 女
1870,警,admonish,N3,40,敬,敬; 言
1871,驚,wonder,N1,10,敬,敬; 馬
1872,泳,swim,N3,40,永,氵; 永
1873,詠,recitation,N1,10,永,言; 永
1874,球,ball,N3,40,求,王; 求
1875,救,salvation,N1,10,求,求; 攵
1876,笑,laugh,N3,40,夭,竹; 夭
1877,妖,bewitched,None,1,夭,女; 夭
1878,沃,irrigate,None,1,夭,氵; 夭
1879,呑,quaff,None,1,夭,夭; 口
1880,芽,bud,N1,10,牙,艹; 牙
1881,雅,gracious,N1,10,牙,牙; 隹
1882,冴,sharp,N1,10,牙,冫; 牙
1883,邪,wicked,N1,10,牙,牙; ⻏
1884,穿,drill,None,1,牙,穴; 牙
1885,訝,wary,None,1,牙,言; 牙
1886,輸,transport,N2,20,兪,車; 兪
1887,愉,pleasure,N1,10,兪,忄; 兪
1888,諭,rebuke,N1,10,兪,言; 兪
1889,愈,in the nick of time,None,1,兪,兪; 心
1890,喩,metaphor,None,1,兪,口; 兪
1891,編,compilation,N2,20,扁,糸; 扁
1892,遍,everywhere,N1,10,扁,扁; ⻌
1893,偏,partial,N1,10,扁,亻; 扁
1894,騙,cheat,None,1,扁,馬; 扁
1895,篇,livraison,None,1,扁,竹; 扁
1896,鈍,dull,N2,20,屯,金; 屯
1897,純,genuine,N2,20,屯,糸; 屯
1898,沌,chaos,None,1,屯,氵; 屯
1899,頓,immediate,None,1,屯,屯; 頁
1900,交,mingle,N3,40,父,亠; 父
1901,釜,cauldron,None,1,父,父; 金
1902,斧,hatchet,None,1,父,父; 斤
1903,靴,shoes,N3,40,革,革; 化
1904,鞄,briefcase,None,1,革,革; 包
1905,鞘,saddle straps,None,1,革,革; 肖
1906,洸,glistening,N1,10,光,氵; 光
1907,晃,limpid,N1,10,光,日; 光
1908,輝,radiance,N1,10,光,光; 軍
1909,耀,shimmering,N1,10,光,光; 翟
1910,胱,bladder,None,1,光,月; 光
1911,虎,tiger,N1,10,虍,虍; 儿
1912,虐,tyrannize,N1,10,虍,虍
1913,虞,uneasiness,N1,10,虍,虍; 呉
1914,虚,void,N1,10,虍,虍; 业
1915,虔,reserved,None,1,虍,虍; 文
1916,哉,I wonder,N1,10,𢦏,𢦏; 口
1917,載,load,N1,10,𢦏,𢦏; 車
1918,栽,plantation,N1,10,𢦏,𢦏; 木
1919,裁,tailor,N1,10,𢦏,𢦏; 衣
1920,截,incision,None,1,𢦏,𢦏; 隹
1921,巨,gigantic,N2,20,匚,匚
1922,匠,artisan,N1,10,匚,匚; 斤
1923,匡,set straight,N1,10,匚,匚; 王
1924,堰,dam,None,1,匚,土; 匚
1925,郵,mail,N2,20,垂,垂; ⻏
1926,睡,drowsy,N1,10,垂,目; 垂
1927,錘,spindle,N1,10,垂,金; 垂
1928,唾,saliva,None,1,垂,口; 垂
1929,原,meadow,N3,40,CDP-8BC4,厂; CDP-8BC4
1930,穆,obeisant,None,1,CDP-8BC4,禾; CDP-8BC4
1931,得,gain,N3,40,㝵,彳; 㝵
1932,碍,obstacle,None,1,㝵,石; 㝵
1933,絵,picture,N3,40,会,糸; 会
1934,桧,Japanese cypress,None,1,会,木; 会
1935,背,stature,N3,40,北,北; 月
1936,乖,disobey,None,1,北,千; 北
1937,掛,hang,N3,40,卦,扌; 卦
1938,罫,ruled lines,None,1,卦,罒; 卦
1939,座,sit,N3,40,坐,广; 坐
1940,挫,sprain,None,1,坐,扌; 坐
1941,選,elect,N3,40,巽,巽; ⻌
1942,撰,assortment,None,1,巽,扌; 巽
1943,報,report,N3,40,幸,幸; 卩
1944,倖,,None,1,幸,亻; 幸
1945,庭,courtyard,N3,40,廷,广; 廷
1946,挺,counter for tools,None,1,廷,扌; 廷
1947,般,carrier,N2,20,舟,舟; 殳
1948,舶,liner,N1,10,舟,舟; 白
1949,艇,rowboat,N1,10,舟,舟; 廷
1950,舷,gunwale,None,1,舟,舟; 玄
1951,船,ship,N3,40,㕣,舟; 㕣
1952,鉛,lead (metal),N1,10,㕣,金; 㕣
1953,沿,run alongside,N1,10,㕣,氵; 㕣
1954,航,navigate,N2,20,亢,舟; 亢
1955,抗,confront,N1,10,亢,扌; 亢
1956,坑,pit,N1,10,亢,土; 亢
1957,杭,picket,None,1,亢,木; 亢
1958,互,mutually,N3,40,彑,二; 彑
1959,彙,glossary,None,1,彑,彑; 冖
1960,顔,face,N3,40,彦,彦; 頁
1961,諺,proverb,None,1,彦,言; 彦
1962,優,tenderness,N3,40,憂,亻; 憂
1963,擾,commotion,None,1,憂,扌; 憂
1964,舞,dance,N3,40,舛,丿; 舛
1965,舜,,None,1,舛,⺤; 舛
1966,追,chase,N3,40,𠂤,𠂤; ⻌
1967,阜,large hill,None,1,𠂤,𠂤; 十
1968,廉,bargain,N1,10,兼,广; 兼
1969,嫌,dislike,N1,10,兼,女; 兼
1970,謙,self-effacing,N1,10,兼,言; 兼
1971,鎌,sickle,N1,10,兼,金; 兼
1972,粋,chic,N1,10,卆,米; 卆
1973,酔,drunk,N1,10,卆,酉; 卆
1974,枠,frame,N1,10,卆,木; 卆
1975,砕,smash,N1,10,卆,石; 卆
1976,詢,counsel,N1,10,旬,言; 旬
1977,絢,gorgeous,N1,10,旬,糸; 旬
1978,殉,martyrdom,N1,10,旬,歹; 旬
1979,洵,swirling waters,N1,10,旬,氵; 旬
1980,援,abet,N1,10,爰,扌; 爰
1981,媛,beautiful woman,N1,10,爰,女; 爰
1982,緩,slacken,N1,10,爰,糸; 爰
1983,暖,warmth,N1,10,爰,日; 爰
1984,藍,indigo,N1,10,監,艹; 監
1985,濫,overflow,N1,10,監,氵; 監
1986,鑑,specimen,N1,10,監,金; 監
1987,艦,warship,N1,10,監,舟; 監
1988,燥,parch,N2,20,喿,火; 喿
1989,操,maneuver,N1,10,喿,扌; 喿
1990,繰,winding,N1,10,喿,糸; 喿
1991,鉄,iron,N2,20,失,金; 失
1992,迭,alternate,N1,10,失,失; ⻌
1993,秩,regularity,N1,10,失,禾; 失
1994,挟,sandwiched,N2,20,夹,扌; 夹
1995,狭,cramped,N1,10,夹,⺨; 夹
1996,峡,gorge,N1,10,夹,山; 夹
1997,底,bottom,N2,20,氐,广; 氐
1998,邸,residence,N1,10,氐,氐; ⻏
1999,抵,resist,N1,10,氐,扌; 氐
2000,磨,grind,N2,20,麻,麻; 石
2001,摩,chafe,N1,10,麻,麻; 手
2002,魔,witch,N1,10,麻,麻; 鬼
2003,営,occupation,N2,20,呂,⺍; 呂
2004,宮,Shinto shrine,N1,10,呂,宀; 呂
2005,麿,Utamaro,N1,10,呂,麻; 呂
2006,侶,partner,None,1,呂,亻; 呂
2007,緑,green,N2,20,彔,糸; 彔
2008,録,record,N2,20,彔,金; 彔
2009,巻,scroll,N2,20,𠔉,𠔉; 己
2010,券,ticket,N2,20,𠔉,𠔉; 刀
2011,美,beauty,N3,40,⺷,⺷; 大
2012,疑,doubt,N3,40,マ,匕; マ
2013,予,beforehand,N3,40,了,マ; 了
2014,承,acquiesce,N2,20,了,了; 三; 水
2015,丞,helping hand,N1,10,了,了; 一
2016,犯,crime,N3,40,㔾,⺨; 㔾
2017,能,ability,N3,40,䏍,䏍; 匕
2018,呼,call,N3,40,乎,口; 乎
2019,似,similar,N3,40,以,亻; 以
2020,宿,inn,N3,40,佰,宀; 佰
2021,光,ray,N3,40,兀,⺌; 兀
2022,込,crowded,N3,40,入,入; ⻌
2023,商,make a deal,N3,40,冏,立; 冏
2024,倒,overthrow,N3,40,到,亻; 到
2025,勝,victory,N3,40,劵,月; 劵
2026,御,honorable,N3,40,卸,彳; 卸
2027,危,dangerous,N3,40,厄,𠂊; 厄
2028,抜,slip out,N3,40,友,扌; 友
2029,常,usual,N3,40,吊,尚; 吊
2030,程,extent,N3,40,呈,禾; 呈
2031,煙,smoke,N3,40,垔,火; 垔
2032,降,descend,N3,40,夅,⻖; 夅
2033,演,performance,N3,40,寅,氵; 寅
2034,港,harbor,N3,40,巷,氵; 巷
2035,渡,transit,N3,40,度,氵; 度
2036,認,acknowledge,N3,40,忍,言; 忍
2037,越,surpass,N3,40,戉,走; 戉
2038,遊,play,N3,40,斿,斿; ⻌
2039,婚,marriage,N3,40,昏,女; 昏
2040,薬,medicine,N3,40,楽,艹; 楽
2041,眠,sleep,N3,40,民,目; 民
2042,落,fall,N3,40,洛,艹; 洛
2043,絶,discontinue,N3,40,色,糸; 色
2044,勤,diligence,N3,40,菫,菫; 力
2045,慣,accustomed,N3,40,貫,忄; 貫
2046,髪,hair of the head,N3,40,髟,髟; 友
2047,横,sideways,N3,40,黄,木; 黄
2048,幸,happiness,N3,40,𢆉,土; 𢆉
2049,避,evade,N1,10,辟,辟; ⻌
2050,癖,mannerism,N1,10,辟,疒; 辟
2051,壁,wall,N1,10,辟,辟; 土
2052,僻,,None,1,辟,亻; 辟
2053,璧,holed gem,None,1,辟,辟; 玉
2054,譬,parable,None,1,辟,辟; 言
2055,橋,bridge,N2,20,喬,木; 喬
2056,矯,rectify,N1,10,喬,矢; 喬
2057,嬌,attractive,None,1,喬,女; 喬
2058,蕎,buckwheat,None,1,喬,艹; 喬
2059,僑,emigrant,None,1,喬,亻; 喬
2060,槙,black pine,N1,10,真,木; 真
2061,慎,humility,N1,10,真,忄; 真
2062,鎮,tranquillize,N1,10,真,金; 真
2063,填,inlay,None,1,真,土; 真
2064,顛,overturn,None,1,真,真; 頁
2065,湖,lake,N2,20,胡,氵; 胡
2066,瑚,coral reef,N1,10,胡,王; 胡
2067,醐,ghee,None,1,胡,酉; 胡
2068,糊,paste,None,1,胡,米; 胡
2069,謡,Noh chanting,N1,10,䍃,言; 䍃
2070,遥,far off,N1,10,䍃,䍃; ⻌
2071,揺,swing,N1,10,䍃,扌; 䍃
2072,瑶,,None,1,䍃,王; 䍃
2073,鐘,bell,N1,10,童,金; 童
2074,瞳,pupil,N1,10,童,目; 童
2075,憧,yearn,N1,10,童,忄; 童
2076,撞,bump into,None,1,童,扌; 童
2077,街,boulevard,N1,10,行,行; 圭
2078,衝,collide,N1,10,行,行; 重
2079,衛,defense,N1,10,行,行; 韋
2080,桁,girder,None,1,行,木; 行
2081,術,art,N3,40,朮,行; 朮
2082,述,mention,N2,20,朮,朮; ⻌
2083,脹,dilate,N1,10,長,月; 長
2084,張,lengthen,N1,10,長,弓; 長
2085,帳,notebook,N1,10,長,巾; 長
2086,套,hackneyed,None,1,長,大; 長
2087,兵,soldier,N2,20,丘,丘; 八
2088,岳,Point,N1,10,丘,丘; 山
2089,駈,gallop,None,1,丘,馬; 丘
2090,協,co-,N2,20,劦,十; 劦
2091,脅,threaten,N1,10,劦,劦; 月
2092,脇,armpit,None,1,劦,月; 劦
2093,損,damage,N2,20,員,扌; 員
2094,韻,rhyme,N1,10,員,音; 員
2095,隕,falling,None,1,員,⻖; 員
2096,個,individual,N2,20,固,亻; 固
2097,箇,item,N1,10,固,竹; 固
2098,錮,weld,None,1,固,金; 固
2099,棒,rod,N2,20,奉,木; 奉
2100,俸,stipend,N1,10,奉,亻; 奉
2101,捧,devote,None,1,奉,扌; 奉
2102,溶,melt,N2,20,容,氵; 容
2103,蓉,lotus blossom,N1,10,容,艹; 容
2104,熔,,None,1,容,火; 容
2105,掘,dig,N2,20,屈,扌; 屈
2106,堀,ditch,N1,10,屈,土; 屈
2107,窟,cavern,None,1,屈,穴; 屈
2108,綿,cotton,N2,20,帛,糸; 帛
2109,錦,brocade,N1,10,帛,金; 帛
2110,棉,raw cotton,None,1,帛,木; 帛
2111,億,hundred million,N2,20,意,亻; 意
2112,憶,recollection,N1,10,意,忄; 意
2113,臆,cowardice,None,1,意,月; 意
2114,域,range,N2,20,或,土; 或
2115,惑,beguile,N1,10,或,或; 心
2116,國,country (old),None,1,或,囗; 或
2117,刺,thorn,N2,20,朿,朿; 刂
2118,策,scheme,N1,10,朿,竹; 朿
2119,棘,thornbush,None,1,朿,朿
2120,勇,courage,N2,20,男,マ; 男
2121,虜,captive,N1,10,男,虍; 男
2122,甥,nephew,None,1,男,生; 男
2123,尊,revered,N2,20,酋,酋; 寸
2124,猶,waver,N1,10,酋,⺨; 酋
2125,楢,Japanese oak,None,1,酋,木; 酋
2126,恒,constancy,N1,10,亘,忄; 亘
2127,垣,hedge,N1,10,亘,土; 亘
2128,宣,proclaim,N1,10,亘,宀; 亘
2129,磁,magnet,N1,10,兹,石; 兹
2130,慈,mercy,N1,10,兹,兹; 心
2131,滋,nourishing,N1,10,兹,氵; 兹
2132,痢,diarrhea,N1,10,利,疒; 利
2133,莉,hawthorn,N1,10,利,艹; 利
2134,梨,pear tree,N1,10,利,利; 木
2135,督,coach,N1,10,叔,叔; 目
2136,淑,graceful,N1,10,叔,氵; 叔
2137,寂,loneliness,N1,10,叔,宀; 叔
2138,矢,dart,N1,10,天,天
2139,奏,play music,N1,10,天,𡗗; 天
2140,蚕,silkworm,N1,10,天,天; 虫
2141,綱,hawser,N1,10,岡,糸; 岡
2142,鋼,steel,N1,10,岡,金; 岡
2143,剛,sturdy,N1,10,岡,岡; 刂
2144,逝,departed,N1,10,折,折; ⻌
2145,哲,philosophy,N1,10,折,折; 口
2146,誓,vow,N1,10,折,折; 言
2147,修,discipline,N1,10,攸,攸
2148,脩,dried meat,N1,10,攸,攸
2149,悠,remote,N1,10,攸,攸; 心
2150,崩,crumble,N1,10,朋,山; 朋
2151,鵬,roc,N1,10,朋,朋; 鳥
2152,棚,shelf,N1,10,朋,木; 朋
2153,殊,particularly,N1,10,朱,歹; 朱
2154,珠,pearl,N1,10,朱,王; 朱
2155,株,stocks,N1,10,朱,木; 朱
2156,態,attitude,N1,10,能,能; 心
2157,熊,bear,N1,10,能,能; 灬
2158,罷,quit,N1,10,能,罒; 能
2159,穫,harvest,N1,10,蒦,禾; 蒦
2160,護,safeguard,N1,10,蒦,言; 蒦
2161,獲,seize,N1,10,蒦,⺨; 蒦
2162,憤,aroused,N1,10,賁,忄; 賁
2163,噴,erupt,N1,10,賁,口; 賁
2164,墳,tomb,N1,10,賁,土; 賁
2165,逮,apprehend,N1,10,隶,隶; ⻌
2166,康,sane,N1,10,隶,广; 隶
2167,隷,slave,N1,10,隶,士; 隶
2168,楓,maple tree,N1,10,風,木; 風
2169,颯,rustling,N1,10,風,立; 風
2170,嵐,storm,N1,10,風,山; 風
2171,墨,black ink,N1,10,黒,黒; 土
2172,黛,blue-black,N1,10,黒,代; 黒
2173,黙,silence,N1,10,黒,黒
2174,叫,shout,N2,20,丩,口; 丩
2175,糾,twist,N1,10,丩,糸; 丩
2176,宇,eaves,N2,20,于,宀; 于
2177,芋,potato,N1,10,于,艹; 于
2178,群,flock,N2,20,君,君; 羊
2179,郡,county,N1,10,君,君; ⻏
2180,装,attire,N2,20,壮,壮; 衣
2181,荘,villa,N1,10,壮,艹; 壮
2182,換,interchange,N2,20,奐,扌; 奐
2183,喚,yell,N1,10,奐,口; 奐
2184,焼,bake,N2,20,尭,火; 尭
2185,暁,daybreak,N1,10,尭,日; 尭
2186,逆,inverted,N2,20,屰,屰; ⻌
2187,朔,first day of the month,N1,10,屰,屰; 月
2188,鉱,mineral,N2,20,広,金; 広
2189,拡,broaden,N1,10,広,扌; 広
2190,薄,dilute,N2,20,溥,艹; 溥
2191,簿,register,N1,10,溥,竹; 溥
2192,境,boundary,N2,20,竟,土; 竟
2193,鏡,mirror,N1,10,竟,金; 竟
2194,塔,pagoda,N2,20,荅,土; 荅
2195,搭,board,N1,10,荅,扌; 荅
2196,賄,bribe,N1,10,有,貝; 有
2197,宥,soothe,N1,10,有,宀; 有
2198,侑,,None,1,有,亻; 有
2199,郁,,None,1,有,有; ⻏
2200,肴,entreat,None,1,有,乂; 有
2201,鮪,tuna,None,1,有,魚; 有
2202,雌,female,N1,10,此,此; 隹
2203,紫,purple,N1,10,此,此; 糸
2204,髭,beard,None,1,此,髟; 此
2205,柴,brushwood,None,1,此,此; 木
2206,砦,fort,None,1,此,此; 石
2207,些,whit,None,1,此,此; 二
2208,義,righteousness,N1,10,我,羊; 我
2209,餓,starve,N1,10,我,飠; 我
2210,峨,,None,1,我,山; 我
2211,俄,abrupt,None,1,我,亻; 我
2212,蛾,moth,None,1,我,虫; 我
2213,翻,flip,N1,10,番,番; 羽
2214,審,hearing,N1,10,番,宀; 番
2215,幡,banner,None,1,番,巾; 番
2216,播,disseminate,None,1,番,扌; 番
2217,蕃,grow wild,None,1,番,艹; 番
2218,茜,madder red,N1,10,西,艹; 西
2219,酉,sign of the bird,N1,10,西,西; 一
2220,晒,bleaching,None,1,西,日; 西
2221,栖,nestle,None,1,西,木; 西
2222,洒,rinse,None,1,西,氵; 西
2223,腕,arm,N2,20,宛,月; 宛
2224,碗,teacup,None,1,宛,石; 宛
2225,婉,well finished,None,1,宛,女; 宛
2226,椀,wooden bowl,None,1,宛,木; 宛
2227,晏,clear skies,N1,10,安,日; 安
2228,案,plan,N1,10,安,安; 木
2229,按,press down on,None,1,安,扌; 安
2230,鞍,saddle,None,1,安,革; 安
2231,距,long-distance,N1,10,巨,足; 巨
2232,拒,repel,N1,10,巨,扌; 巨
2233,矩,carpenter’s square,None,1,巨,矢; 巨
2234,炬,torch,None,1,巨,火; 巨
2235,弊,abuse,N1,10,敝,敝; 廾
2236,幣,cash,N1,10,敝,敝; 巾
2237,蔽,cover over,None,1,敝,艹; 敝
2238,瞥,glimpse,None,1,敝,敝; 目
2239,唱,chant,N1,10,昌,口; 昌
2240,菖,iris,N1,10,昌,艹; 昌
2241,椙,cryptomeria,None,1,昌,木; 昌
2242,娼,harlot,None,1,昌,女; 昌
2243,遭,encounter,N1,10,曹,曹; ⻌
2244,槽,vat,N1,10,曹,木; 曹
2245,糟,lees,None,1,曹,米; 曹
2246,漕,rowing,None,1,曹,氵; 曹
2247,漫,loose,N1,10,曼,氵; 曼
2248,慢,ridicule,N1,10,曼,忄; 曼
2249,鰻,eel,None,1,曼,魚; 曼
2250,蔓,tendril,None,1,曼,艹; 曼
2251,紺,navy blue,N1,10,甘,糸; 甘
2252,某,so-and-so,N1,10,甘,甘; 木
2253,柑,citrus tree,None,1,甘,木; 甘
2254,嵌,fit into,None,1,甘,山; 甘
2255,縄,straw rope,N1,10,电,糸; 电
2256,亀,tortoise,N1,10,电,𠂊; 电
2257,奄,encompassing,None,1,电,大; 电
2258,蝿,housefly,None,1,电,虫; 电
2259,萩,bush clover,N1,10,秋,艹; 秋
2260,愁,distress,N1,10,秋,秋; 心
2261,鰍,bullhead,None,1,秋,魚; 秋
2262,鍬,hoe,None,1,秋,金; 秋
2263,搬,conveyor,N1,10,般,扌; 般
2264,盤,tray,N1,10,般,般; 皿
2265,磐,crag,None,1,般,般; 石
2266,槃,enjoyment,None,1,般,般; 木
2267,髄,marrow,N1,10,骨,骨; 有
2268,滑,slippery,N1,10,骨,氵; 骨
2269,骸,remains,None,1,骨,骨; 亥
2270,猾,sly,None,1,骨,⺨; 骨
2271,稿,draft,N1,10,高,禾; 高
2272,嵩,high-reaching,N1,10,高,山; 高
2273,膏,ointment,None,1,高,高; 月
2274,縞,stripe,None,1,高,糸; 高
2275,沈,sink,N2,20,冘,氵; 冘
2276,耽,addiction,None,1,冘,耳; 冘
2277,枕,pillow,None,1,冘,木; 冘
2278,捜,search,N2,20,叟,扌; 叟
2279,痩,lose weight,None,1,叟,疒; 叟
2280,艘,small craft,None,1,叟,舟; 叟
2281,階,story,N2,20,皆,⻖; 皆
2282,楷,block letters,None,1,皆,木; 皆
2283,諧,orderliness,None,1,皆,言; 皆
2284,創,genesis,N1,10,倉,倉; 刂
2285,蒼,pale blue,N1,10,倉,艹; 倉
2286,槍,lance,None,1,倉,木; 倉
2287,拙,bungling,N1,10,出,扌; 出
2288,屈,yield,N1,10,出,尸; 出
2289,祟,haunt,None,1,出,出; 示
2290,霞,haze,N1,10,叚,雨; 叚
2291,暇,spare time,N1,10,叚,日; 叚
2292,蝦,shrimp,None,1,叚,虫; 叚
2293,恩,grace,N1,10,因,因; 心
2294,姻,matrimony,N1,10,因,女; 因
2295,咽,windpipe,None,1,因,口; 因
2296,崇,adore,N1,10,宗,山; 宗
2297,綜,synthesis,N1,10,宗,糸; 宗
2298,踪,trail,None,1,宗,足; 宗
2299,称,appellation,N1,10,尓,禾; 尓
2300,弥,more and more,N1,10,尓,弓; 尓
2301,祢,ancestral shrine,None,1,尓,礻; 尓
2302,災,disaster,N1,10,巛,巛; 火
2303,巡,patrol,N1,10,巛,巛; ⻌
2304,拶,imminent,None,1,巛,扌; 巛
2305,佐,assistant,N1,10,左,亻; 左
2306,惰,lazy,N1,10,左,忄; 左
2307,楕,ellipse,None,1,左,木; 左
2308,評,evaluate,N1,10,平,言; 平
2309,坪,two-mat area,N1,10,平,土; 平
2310,秤,balancing scales,None,1,平,禾; 平
2311,茉,jasmine,N1,10,末,艹; 末
2312,抹,rub,N1,10,末,扌; 末
2313,沫,splash,None,1,末,氵; 末
2314,謀,conspire,N1,10,某,言; 某
2315,媒,mediator,N1,10,某,女; 某
2316,煤,soot,None,1,某,火; 某
2317,渉,ford,N1,10,歩,氵; 歩
2318,頻,repeatedly,N1,10,歩,歩; 頁
2319,捗,make headway,None,1,歩,扌; 歩
2320,毬,furball,N1,10,毛,毛; 求
2321,尾,tail,N1,10,毛,尸; 毛
2322,粍,millimeter,None,1,毛,米; 毛
2323,籍,enroll,N2,20,耒,竹; 耒
2324,耗,decrease,N1,10,耒,耒; 毛
2325,囲,surround,N2,20,井,囗; 井
2326,耕,till,N2,20,井,耒; 井
2327,丼,donburi,None,1,井,井; 丶
2328,蕉,banana,N1,10,焦,艹; 焦
2329,礁,reef,N1,10,焦,石; 焦
2330,樵,mallet,None,1,焦,木; 焦
2331,爽,bracing,N1,10,爻,大; 爻
2332,爾,let it be,N1,10,爻,一; 八; 冂; 爻
2333,駁,rebuttal,None,1,爻,馬; 爻
2334,弧,arc,N1,10,瓜,弓; 瓜
2335,孤,orphan,N1,10,瓜,子; 瓜
2336,狐,fox,None,1,瓜,⺨; 瓜
2337,漂,drift,N1,10,票,氵; 票
2338,標,signpost,N1,10,票,木; 票
2339,瓢,gourd,None,1,票,票; 瓜
2340,剽,menace,None,1,票,票; 刂
2341,勘,intuition,N1,10,甚,甚; 力
2342,堪,withstand,N1,10,甚,土; 甚
2343,湛,inundate,None,1,甚,氵; 甚
2344,璃,crystal,N1,10,离,王; 离
2345,離,detach,N1,10,离,离; 隹
2346,禽,fowl,None,1,离,人; 离
2347,竜,dragon,N1,10,竜,竜
2348,滝,waterfall,N1,10,竜,氵; 竜
2349,篭,basket,None,1,竜,竹; 竜
2350,諾,consent,N1,10,若,言; 若
2351,匿,hide,N1,10,若,匸; 若
2352,惹,attract,None,1,若,若; 心
2353,墾,groundbreaking,N1,10,豸,豸; 土
2354,懇,sociable,N1,10,豸,豸; 心
2355,豹,panther,None,1,豸,豸; 勺
2356,蕗,butterbur,N1,10,路,艹; 路
2357,露,dew,N1,10,路,雨; 路
2358,鷺,heron,None,1,路,路; 鳥
2359,乾,drought,N2,20,乞,𠦝; 乞
2360,吃,stammer,None,1,乞,口; 乞
2361,移,shift,N2,20,多,禾; 多
2362,夥,plentiful,None,1,多,果; 多
2363,爆,bomb,N2,20,暴,火; 暴
2364,曝,air out,None,1,暴,日; 暴
2365,齢,age,N2,20,歯,歯; 令
2366,噛,chew,None,1,歯,口; 歯
2367,線,line,N2,20,泉,糸; 泉
2368,腺,gland,None,1,泉,月; 泉
2369,炭,charcoal,N2,20,灰,山; 灰
2370,恢,enlarge,None,1,灰,忄; 灰
2371,燃,burn,N2,20,然,火; 然
2372,撚,twirl,None,1,然,扌; 然
2373,版,printing block,N2,20,片,片; 反
2374,牒,label,None,1,片,片; 枼
2375,膚,skin,N2,20,胃,虍; 胃
2376,謂,so-called,None,1,胃,言; 胃
2377,濃,concentrated,N2,20,農,氵; 農
2378,膿,pus,None,1,農,月; 農
2379,傾,lean,N2,20,頃,亻; 頃
2380,穎,brush tip,None,1,頃,頃
2381,慕,pining,N1,10,⺗,莫; ⺗
2382,恭,respect,N1,10,⺗,共; ⺗
2383,彗,comet,N1,10,丰,丰; ⺕
2384,邦,home country,N1,10,丰,丰; ⻏
2385,乏,destitution,N1,10,之,丿; 之
2386,芝,turf,N1,10,之,艹; 之
2387,晋,progress,N1,10,亚,亚; 日
2388,霊,spirits,N1,10,亚,雨; 一; 亚
2389,壇,podium,N1,10,亶,土; 亶
2390,檀,sandalwood,N1,10,亶,木; 亶
2391,銃,gun,N1,10,充,金; 充
2392,統,overall,N1,10,充,糸; 充
2393,納,settlement,N1,10,内,糸; 内
2394,丙,third class,N1,10,内,一; 内
2395,菊,chrysanthemum,N1,10,匊,艹; 匊
2396,鞠,terminate,N1,10,匊,革; 匊
2397,楠,camphor tree,N1,10,南,木; 南
2398,献,offering,N1,10,南,南; 犬
2399,鼓,drum,N1,10,壴,壴; 支
2400,樹,timber-trees,N1,10,壴,木; 壴
2401,駄,burdensome,N1,10,太,馬; 太
2402,汰,cleanse,N1,10,太,氵; 太
2403,鶏,chicken,N1,10,奚,奚; 鳥
2404,渓,mountain stream,N1,10,奚,氵; 奚
2405,奪,rob,N1,10,奞,奞; 寸
2406,奮,stirred up,N1,10,奞,奞; 田
2407,塾,cram school,N1,10,孰,孰; 土
2408,熟,mellow,N1,10,孰,孰; 灬
2409,稼,earnings,N1,10,家,禾; 家
2410,嫁,marry into,N1,10,家,女; 家
2411,博,Dr.,N1,10,尃,十; 尃
2412,縛,truss,N1,10,尃,糸; 尃
2413,握,grip,N1,10,屋,扌; 屋
2414,渥,moisten,N1,10,屋,氵; 屋
2415,洲,continent,N1,10,州,氵; 州
2416,酬,repay,N1,10,州,酉; 州
2417,覆,capsize,N1,10,復,覀; 復
2418,履,footgear,N1,10,復,尸; 復
2419,泌,ooze,N1,10,必,氵; 必
2420,秘,secret,N1,10,必,禾; 必
2421,偲,memorial,N1,10,思,亻; 思
2422,慮,prudence,N1,10,思,虍; 思
2423,漸,steadily,N1,10,斬,氵; 斬
2424,暫,temporarily,N1,10,斬,斬; 日
2425,概,outline,N1,10,既,木; 既
2426,慨,rue,N1,10,既,忄; 既
2427,盟,alliance,N1,10,明,明; 皿
2428,萌,germinate,N1,10,明,艹; 明
2429,凝,congeal,N1,10,疑,冫; 疑
2430,擬,mimic,N1,10,疑,扌; 疑
2431,環,ring,N1,10,睘,王; 睘
2432,還,send back,N1,10,睘,睘; ⻌
2433,痴,stupid,N1,10,知,疒; 知
2434,智,wisdom,N1,10,知,知; 日
2435,誘,entice,N1,10,秀,言; 秀
2436,透,transparent,N1,10,秀,秀; ⻌
2437,障,hinder,N1,10,章,⻖; 章
2438,彰,patent,N1,10,章,章; 彡
2439,耐,-proof,N1,10,而,而; 寸
2440,需,demand,N1,10,而,雨; 而
2441,端,edge,N1,10,耑,立; 耑
2442,瑞,fortunate,N1,10,耑,王; 耑
2443,徹,penetrate,N1,10,育,彳; 育
2444,撤,remove,N1,10,育,扌; 育
2445,僕,me,N1,10,菐,亻; 菐
2446,撲,slap,N1,10,菐,扌; 菐
2447,禎,felicitation,N1,10,貞,礻; 貞
2448,偵,spy,N1,10,貞,亻; 貞
2449,欄,column,N1,10,闌,木; 闌
2450,蘭,orchid,N1,10,闌,艹; 闌
2451,堕,degenerate,N1,10,陏,陏; 土
2452,随,follow,N1,10,陏,陏
2453,融,dissolve,N1,10,鬲,鬲; 虫
2454,隔,isolate,N1,10,鬲,⻖; 鬲
2455,派,faction,N1,10,𠂢,氵; 𠂢
2456,脈,vein,N1,10,𠂢,月; 𠂢
2457,武,warrior,N2,20,CDP-8CB8,CDP-8CB8; 止
2458,暴,outburst,N2,20,㳟,日; 㳟
2459,帯,sash,N2,20,丗,丗; 冖
2460,普,universal,N2,20,並,並; 日
2461,患,afflicted,N2,20,串,串; 心
2462,極,poles,N2,20,亟,木; 亟
2463,停,halt,N2,20,亭,亻; 亭
2464,荷,baggage,N2,20,何,艹; 何
2465,再,again,N2,20,冉,一; 冉
2466,帽,cap,N2,20,冒,巾; 冒
2467,型,mould,N2,20,刑,刑; 土
2468,均,level,N2,20,匀,土; 匀
2469,胸,bosom,N2,20,匈,月; 匈
2470,陸,land,N2,20,坴,⻖; 坴
2471,液,fluid,N2,20,夜,氵; 夜
2472,喫,consume,N2,20,契,口; 契
2473,接,touch,N2,20,妾,扌; 妾
2474,貯,savings,N2,20,宁,貝; 宁
2475,額,forehead,N2,20,客,客; 頁
2476,泥,mud,N2,20,尼,氵; 尼
2477,湾,gulf,N2,20,弯,氵; 弯
2478,誌,document,N2,20,志,言; 志
2479,総,general,N2,20,忩,糸; 忩
2480,械,contraption,N2,20,戒,木; 戒
2481,涙,tears,N2,20,戻,氵; 戻
2482,児,newborn babe,N2,20,旧,旧; 儿
2483,混,mix,N2,20,昆,氵; 昆
2484,照,illuminate,N2,20,昭,昭; 灬
2485,温,warm,N2,20,昷,氵; 昷
2486,塗,paint,N2,20,涂,涂; 土
2487,蒸,steam,N2,20,烝,艹; 烝
2488,鼻,nose,N2,20,畀,自; 畀
2489,築,fabricate,N2,20,筑,筑; 木
2490,捨,discard,N2,20,舎,扌; 舎
2491,敬,awe,N2,20,苟,苟; 攵
2492,臓,entrails,N2,20,蔵,月; 蔵
2493,腰,loins,N2,20,要,月; 要
2494,像,statue,N2,20,象,亻; 象
2495,劇,drama,N2,20,豦,豦; 刂
2496,導,guidance,N2,20,道,道; 寸
2497,簡,simplicity,N2,20,間,竹; 間
2498,準,semi-,N2,20,隼,氵; 隼
2499,曇,cloudy weather,N2,20,雲,日; 雲
2500,黄,yellow,N2,20,龷,龷; 由; 八
2501,碑,tombstone,N1,10,卑,石; 卑
2502,稗,crabgrass,None,1,卑,禾; 卑
2503,婢,handmaiden,None,1,卑,女; 卑
2504,牌,mahjong tiles,None,1,卑,片; 卑
2505,痺,paralysis,None,1,卑,疒; 卑
2506,錠,lock,N1,10,定,金; 定
2507,掟,,None,1,定,扌; 定
2508,綻,come apart at the seams,None,1,定,糸; 定
2509,淀,eddy,None,1,定,氵; 定
2510,碇,grapnel,None,1,定,石; 定
2511,麗,lovely,N1,10,鹿,一; 鹿
2512,塵,dust,None,1,鹿,鹿; 土
2513,漉,filter,None,1,鹿,氵; 鹿
2514,麓,foot of a mountain,None,1,鹿,林; 鹿
2515,麒,giraffe,None,1,鹿,鹿; 其
2516,麟,camelopard,N1,10,粦,鹿; 粦
2517,隣,neighboring,N1,10,粦,⻖; 粦
2518,燐,phosphorus,None,1,粦,火; 粦
2519,鱗,scaled,None,1,粦,魚; 粦
2520,憐,sympathize with,None,1,粦,忄; 粦
2521,峰,summit,N1,10,夆,山; 夆
2522,蜂,bee,None,1,夆,虫; 夆
2523,峯,summit (alternate),None,1,夆,山; 夆
2524,鋒,sword’s point,None,1,夆,金; 夆
2525,蛇,snake,N1,10,它,虫; 它
2526,詑,,None,1,它,言; 它
2527,舵,rudder,None,1,它,舟; 它
2528,陀,steeply inclined,None,1,它,⻖; 它
2529,遵,abide by,N1,10,尊,尊; ⻌
2530,樽,barrel,None,1,尊,木; 尊
2531,噂,gossip,None,1,尊,口; 尊
2532,鱒,trout,None,1,尊,魚; 尊
2533,悌,respect for elders,N1,10,弟,忄; 弟
2534,鵜,cormorant,None,1,弟,弟; 鳥
2535,梯,ladder,None,1,弟,木; 弟
2536,剃,shave,None,1,弟,弟; 刂
2537,襲,attack,N1,10,龍,龍; 衣
2538,籠,,None,1,龍,竹; 龍
2539,聾,deafness,None,1,龍,龍; 耳
2540,寵,patronage,None,1,龍,宀; 龍
2541,傘,umbrella,N1,10,从,人; 从
2542,坐,sitting in meditation,None,1,从,从; 土
2543,巫,sorceress,None,1,从,工; 从
2544,帆,sail,N1,10,凡,巾; 凡
2545,梵,brahman,None,1,凡,林; 凡
2546,汎,pan-,None,1,凡,氵; 凡
2547,忍,endure,N1,10,刃,刃; 心
2548,靭,pliable,None,1,刃,革; 刃
2549,籾,unhulled rice,None,1,刃,米; 刃
2550,苑,garden,N1,10,夗,艹; 夗
2551,宛,address,None,1,夗,宀; 夗
2552,怨,grudge,None,1,夗,夗; 心
2553,誇,boast,N1,10,夸,言; 夸
2554,袴,pleated skirt,None,1,夸,衤; 夸
2555,跨,straddle,None,1,夸,足; 夸
2556,据,set,N1,10,居,扌; 居
2557,鋸,hand saw,None,1,居,金; 居
2558,裾,hem,None,1,居,衤; 居
2559,締,tighten,N1,10,帝,糸; 帝
2560,蹄,hoof,None,1,帝,足; 帝
2561,諦,renunciation,None,1,帝,言; 帝
2562,潮,tide,N1,10,朝,氵; 朝
2563,嘲,derision,None,1,朝,口; 朝
2564,廟,tomb sanctuary,None,1,朝,广; 朝
2565,翼,wing,N1,10,異,羽; 異
2566,戴,accept humbly,None,1,異,𢦏; 異
2567,糞,excrement,None,1,異,米; 異
2568,儒,Confucian,N1,10,需,亻; 需
2569,濡,drench,None,1,需,氵; 需
2570,嬬,mistress,None,1,需,女; 需
2571,養,foster,N1,10,食,羊; 食
2572,喰,ingest,None,1,食,口; 食
2573,餐,repast,None,1,食,卜; 食
2574,吏,officer,N1,10,丈,丈; 口
2575,杖,cane,None,1,丈,木; 丈
2576,笹,bamboo grass,N1,10,世,竹; 世
2577,貰,get,None,1,世,世; 貝
2578,秀,excel,N1,10,乃,禾; 乃
2579,孕,expecting,None,1,乃,乃; 子
2580,玖,jet,N1,10,久,王; 久
2581,灸,moxa,None,1,久,久; 火
2582,伍,V,N1,10,五,亻; 五
2583,吾,I,None,1,五,五; 口
2584,閥,clique,N1,10,伐,門; 伐
2585,筏,raft,None,1,伐,竹; 伐
2586,栓,plug,N1,10,全,木; 全
2587,詮,elucidate,None,1,全,言; 全
2588,浜,seacoast,N1,10,兵,氵; 兵
2589,鋲,rivet,None,1,兵,金; 兵
2590,奔,bustle,N1,10,卉,大; 卉
2591,尭,,None,1,卉,卉; 兀
2592,翠,jade green,N1,10,卒,羽; 卒
2593,倅,my son,None,1,卒,亻; 卒
2594,節,node,N1,10,即,竹; 即
2595,卿,magistrate,None,1,即,丿; 即
2596,涯,horizon,N1,10,厓,氵; 厓
2597,崖,bluffs,None,1,厓,山; 厓
2598,惨,wretched,N1,10,参,忄; 参
2599,鯵,horse mackerel,None,1,参,魚; 参
2600,授,impart,N1,10,受,扌; 受
2601,綬,gimp,None,1,受,糸; 受
2602,繕,darning,N1,10,善,糸; 善
2603,膳,dining tray,None,1,善,月; 善
2604,倭,Yamato,N1,10,委,亻; 委
2605,萎,numb,None,1,委,艹; 委
2606,密,secrecy,N1,10,宓,宓; 山
2607,蜜,honey,None,1,宓,宓; 虫
2608,鋳,casting,N1,10,寿,金; 寿
2609,祷,beseech,None,1,寿,礻; 寿
2610,奨,exhort,N1,10,将,将; 大
2611,醤,soy sauce,None,1,将,将; 酉
2612,慰,consolation,N1,10,尉,尉; 心
2613,蔚,grow plentiful,None,1,尉,艹; 尉
2614,就,concerning,N1,10,尤,京; 尤
2615,稽,training,None,1,尤,禾; 尤
2616,勁,formidable,N1,10,巠,巠; 力
2617,脛,shin,None,1,巠,月; 巠
2618,瑳,burnish,N1,10,差,王; 差
2619,嵯,,None,1,差,山; 差
2620,併,join,N1,10,并,亻; 并
2621,屏,folding screen,None,1,并,尸; 并
2622,瓶,flower pot,N2,20,瓦,并; 瓦
2623,健,healthy,N1,10,建,亻; 建
2624,鍵,key,None,1,建,金; 建
2625,稔,bear fruit,N1,10,念,禾; 念
2626,捻,wrench,None,1,念,扌; 念
2627,賊,burglar,N1,10,戎,貝; 戎
2628,絨,carpet yarn,None,1,戎,糸; 戎
2629,薪,firewood,N1,10,新,艹; 新
2630,噺,spin a tale,None,1,新,口; 新
2631,賜,grant,N1,10,易,貝; 易
2632,錫,tin,None,1,易,金; 易
2633,滉,bounding main,N1,10,晃,氵; 晃
2634,幌,canopy,None,1,晃,巾; 晃
2635,影,shadow,N1,10,景,景; 彡
2636,憬,hanker,None,1,景,忄; 景
2637,賦,levy,N1,10,武,貝; 武
2638,鵡,parrot,None,1,武,武; 鳥
2639,葬,interment,N1,10,死,艹; 死
2640,屍,corpse,None,1,死,尸; 死
2641,瑠,marine blue,N1,10,留,王; 留
2642,溜,cumulation,None,1,留,氵; 留
2643,廃,abolish,N1,10,発,广; 発
2644,溌,spray,None,1,発,氵; 発
2645,澄,lucidity,N1,10,登,氵; 登
2646,燈,lamp (old),None,1,登,火; 登
2647,循,sequential,N1,10,盾,彳; 盾
2648,楯,escutcheon,None,1,盾,木; 盾
2649,迦,Sanskrit ka,None,1,辶,加; 辶
2650,這,crawl,None,1,辶,言; 辶
2651,辻,crossing,None,1,辶,十; 辶
2652,迂,detour,None,1,辶,于; 辶
2653,逼,pressing,None,1,辶,畐; 辶
2654,遁,shirk,None,1,辶,盾; 辶
2655,逗,standstill,None,1,辶,豆; 辶
2656,逞,tough,None,1,辶,呈; 辶
2657,辿,track down,None,1,辶,山; 辶
2658,逢,tryst,None,1,辶,夆; 辶
2659,迄,until,None,1,辶,乞; 辶
2660,塑,model,N1,10,朔,朔; 土
2661,遡,go upstream,None,1,朔,朔; 辶
2662,控,withdraw,N1,10,空,扌; 空
2663,腔,body cavity,None,1,空,月; 空
2664,曙,dawn,N1,10,署,日; 署
2665,薯,yam,None,1,署,艹; 署
2666,椰,coconut tree,N1,10,耶,木; 耶
2667,爺,grandpa,None,1,耶,父; 耶
2668,雛,chick,N1,10,芻,芻; 隹
2669,趨,scurry,None,1,芻,走; 芻
2670,樺,birch,N1,10,華,木; 華
2671,嘩,quarrel,None,1,華,口; 華
2672,戯,frolic,N1,10,虚,虚; 戈
2673,嘘,fib,None,1,虚,口; 虚
2674,濁,voiced,N1,10,蜀,氵; 蜀
2675,燭,candlelight,None,1,蜀,火; 蜀
2676,衆,masses,N1,10,血,血; 亻
2677,睾,testicle,None,1,血,血; 幸
2678,槻,zelkova,N1,10,規,木; 規
2679,窺,peep,None,1,規,穴; 規
2680,凱,triumph,N1,10,豈,豈; 几
2681,鎧,suit of armor,None,1,豈,金; 豈
2682,遺,bequeath,N1,10,貴,貴; ⻌
2683,潰,defile,None,1,貴,氵; 貴
2684,赦,pardon,N1,10,赤,赤; 攵
2685,赫,incandescent,None,1,赤,赤
2686,射,shoot,N1,10,身,身; 寸
2687,躯,,None,1,身,身; 区
2688,縫,sew,N1,10,逢,糸; 逢
2689,蓬,wormwood,None,1,逢,艹; 逢
2690,響,echo,N1,10,郷,郷; 音
2691,饗,feast,None,1,郷,郷; 食
2692,鷹,hawk,N1,10,雁,广; 雁; 鳥
2693,贋,counterfeit,None,1,雁,雁; 貝
2694,猟,game hunting,N1,10,鼡,⺨; 鼡
2695,蝋,wax,None,1,鼡,虫; 鼡
2696,羊,sheep,N1,10,䒑,䒑
2697,罰,penalty,N1,10,䚯,罒; 䚯
2698,覇,hegemony,N1,10,䩗,覀; 䩗
2699,峠,mountain pass,N1,10,上,山; 上
2700,執,tenacious,N1,10,丸,幸; 丸
2701,逓,parcel post,N1,10,乕,乕; ⻌
2702,剰,surplus,N1,10,乗,乗; 刂
2703,郷,hometown,N1,10,乡,乡; ⻏
2704,畝,furrow,N1,10,亩,亩; 久
2705,賃,fare,N1,10,任,任; 貝
2706,褒,praise,N1,10,保,衣; 保
2707,充,allot,N1,10,允,亠; 允
2708,塚,hillock,N1,10,冢,土; 冢
2709,拠,foothold,N1,10,処,扌; 処
2710,窃,stealth,N1,10,切,穴; 切
2711,製,made in...,N1,10,制,制; 衣
2712,湧,bubble up,N1,10,勇,氵; 勇
2713,霧,fog,N1,10,務,雨; 務
2714,甚,tremendously,N1,10,匹,甘; 匹
2715,迅,swift,N1,10,卂,卂; ⻌
2716,悼,lament,N1,10,卓,忄; 卓
2717,脚,shins,N1,10,却,月; 却
2718,雄,male,N1,10,厷,厷; 隹
2719,銘,inscription,N1,10,名,金; 名
2720,保,protect,N1,10,呆,亻; 呆
2721,諮,consult with,N1,10,咨,言; 咨
2722,糖,sugar,N1,10,唐,米; 唐
2723,嬉,overjoyed,N1,10,喜,女; 喜
2724,謹,discreet,N1,10,堇,言; 堇
2725,殻,husk,N1,10,壳,壳; 殳
2726,捺,impress,N1,10,奈,扌; 奈
2727,恕,sensitive,N1,10,如,如; 心
2728,猛,fierce,N1,10,孟,⺨; 孟
2729,狩,hunt,N1,10,守,⺨; 守
2730,誼,familiarity,N1,10,宜,言; 宜
2731,縮,shrink,N1,10,宿,糸; 宿
2732,寧,rather,N1,10,寍,寍; 丁
2733,擦,grate,N1,10,察,扌; 察
2734,謝,apologize,N1,10,射,言; 射
2735,叔,uncle,N1,10,尗,尗; 又
2736,茂,overgrown,N1,10,戊,艹; 戊
2737,戚,relatives,None,1,戊,戊; 尗
2738,塀,fence,N1,10,屏,土; 屏
2739,嘱,entrust,N1,10,属,口; 属
2740,屯,barracks,N1,10,屮,丿; 屮
2741,催,sponsor,N1,10,崔,亻; 崔
2742,圏,sphere,N1,10,巻,囗; 巻
2743,稀,sparse,N1,10,希,禾; 希
2744,滞,stagnate,N1,10,帯,氵; 帯
2745,栞,bookmark,N1,10,幵,幵; 木
2746,遮,intercept,N1,10,庶,庶; ⻌
2747,誕,nativity,N1,10,延,言; 延
2748,縁,affinity,N1,10,彖,糸; 彖
2749,慧,astute,N1,10,彗,彗; 心
2750,膨,swell,N1,10,彭,月; 彭
2751,縦,vertical,N1,10,従,糸; 従
2752,懲,penal,N1,10,徴,徴; 心
2753,添,annexed,N1,10,忝,氵; 忝
2754,憩,recess,N1,10,息,舌; 息
2755,穂,ear of a plant,N1,10,恵,禾; 恵
2756,癒,healing,N1,10,愈,疒; 愈
2757,憾,remorse,N1,10,感,忄; 感
2758,倣,emulate,N1,10,放,亻; 放
2759,繁,luxuriant,N1,10,敏,敏; 糸
2760,整,organize,N1,10,敕,敕; 正
2761,激,violent,N1,10,敫,氵; 敫
2762,訴,accusation,N1,10,斥,言; 斥
2763,傍,bystander,N1,10,旁,亻; 旁
2764,敷,spread,N1,10,旉,旉; 攵
2765,既,previously,N1,10,旡,艮; 旡
2766,椿,camellia,N1,10,春,木; 春
2767,顕,appear,N1,10,显,显; 頁
2768,蒔,sowing,N1,10,時,艹; 時
2769,譜,musical score,N1,10,普,言; 普
2770,潜,submerge,N1,10,替,氵; 替
2771,撮,snapshot,N1,10,最,扌; 最
2772,謄,facsimilie,N1,10,朕,朕
2773,彬,copious,N1,10,杉,林; 杉
2774,傑,greatness,N1,10,桀,亻; 桀
2775,漆,lacquer,N1,10,桼,氵; 桼
2776,礎,cornerstone,N1,10,楚,石; 楚
2777,鍛,forge,N1,10,段,金; 段
2778,鴻,large goose,N1,10,江,江; 鳥
2779,踏,step,N1,10,沓,足; 沓
2780,裟,monk’s sash,N1,10,沙,沙; 衣
2781,婆,old woman,N1,10,波,波; 女
2782,藤,wisteria,N1,10,滕,艹; 滕
2783,藩,clan,N1,10,潘,艹; 潘
2784,藻,seaweed,N1,10,澡,艹; 澡
2785,偽,falsehood,N1,10,為,亻; 為
2786,眸,apple of the eye,N1,10,牟,目; 牟
2787,惣,firstborn son,N1,10,物,物; 心
2788,鬼,ghost,N1,10,甶,甶; 儿
2789,蓄,amass,N1,10,畜,艹; 畜
2790,葵,hollyhock,N1,10,癸,艹; 癸
2791,憂,melancholy,N1,10,百,百; 心
2792,叡,sapience,N1,10,睿,睿; 又
2793,橘,mandarin orange,N1,10,矞,木; 矞
2794,襟,collar,N1,10,禁,衤; 禁
2795,属,belong,N1,10,禹,尸; 禹
2796,榛,hazel,N1,10,秦,木; 秦
2797,搾,squeeze,N1,10,窄,扌; 窄
2798,燦,dazzling,N1,10,粲,火; 粲
2799,潔,undefiled,N1,10,絜,氵; 絜
2800,羅,gauze,N1,10,維,罒; 維
2801,懸,suspend,N1,10,縣,縣; 心
2802,網,netting,N1,10,罔,糸; 罔
2803,窯,kiln,N1,10,羔,穴; 羔
2804,拷,torture,N1,10,考,扌; 考
2805,筋,muscle,N1,10,肋,竹; 肋
2806,絹,silk,N1,10,肙,糸; 肙
2807,婿,bridegroom,N1,10,胥,女; 胥
2808,潟,lagoon,N1,10,舄,氵; 舄
2809,瞬,wink,N1,10,舜,目; 舜
2810,瑛,crystal stone,N1,10,英,王; 英
2811,寛,tolerant,N1,10,莧,宀; 莧
2812,俵,bag,N1,10,表,亻; 表
2813,艶,glossy,N1,10,豊,豊; 色
2814,償,reparation,N1,10,賞,亻; 賞
2815,嚇,upbraid,N1,10,赫,口; 赫
2816,窮,hard up,N1,10,躬,穴; 躬
2817,蓮,lotus,N1,10,連,艹; 連
2818,廊,corridor,N1,10,郎,广; 郎
2819,糧,provisions,N1,10,量,米; 量
2820,潤,wet,N1,10,閏,氵; 閏
2821,墜,crash,N1,10,隊,隊; 土
2822,携,portable,N1,10,隽,扌; 隽
2823,顧,look back,N1,10,雇,雇; 頁
2824,擁,hug,N1,10,雍,扌; 雍
2825,澪,canal,N1,10,零,氵; 零
2826,嶺,mountaintop,N1,10,領,山; 領
2827,瀬,rapids,N1,10,頼,氵; 頼
2828,騰,inflation,N1,10,駦,月; 駦
2829,興,entertain,N1,10,𦥑,𦥑; 八
2830,衡,equilibrium,N1,10,𩵋,行; 𩵋
2831,鳳,phoenix,N1,10,𩾏,几; 𩾏
2832,傷,wound,N1,10,𬀷,亻; 𬀷
2833,饅,bean jam,None,1,⻞,⻞; 曼
2834,蝕,eclipse,None,1,⻞,⻞; 虫
2835,餌,feed,None,1,⻞,⻞; 耳
2836,餅,mochi,None,1,⻞,⻞; 并
2837,飴,sweets,None,1,⻞,⻞; 台
2838,箭,arrow shaft,None,1,前,竹; 前
2839,揃,muster,None,1,前,扌; 前
2840,剪,pruning,None,1,前,前; 刀
2841,煎,roast,None,1,前,前; 灬
2842,毀,break,None,1,臼,臼; 殳
2843,舅,father-in-law,None,1,臼,臼; 男
2844,鼠,mouse,None,1,臼,臼
2845,輿,palanquin,None,1,臼,臼; 八
2846,輯,assemble,None,1,咠,車; 咠
2847,揖,collect,None,1,咠,扌; 咠
2848,葺,shingling,None,1,咠,艹; 咠
2849,頬,cheek,None,1,夾,夾; 頁
2850,侠,chivalry,None,1,夾,亻; 夾
2851,鋏,scissors,None,1,夾,金; 夾
2852,庵,hermitage,None,1,奄,广; 奄
2853,俺,myself,None,1,奄,亻; 奄
2854,掩,shrouded,None,1,奄,扌; 奄
2855,羞,humiliate,None,1,丑,羊; 丑
2856,紐,string,None,1,丑,糸; 丑
2857,胚,embryo,None,1,丕,月; 丕
2858,歪,warped,None,1,丕,丕; 正
2859,珊,coral,None,1,冊,王; 冊
2860,柵,palisade,None,1,冊,木; 冊
2861,瞑,close the eyes,None,1,冥,目; 冥
2862,暝,murky,None,1,冥,日; 冥
2863,脆,fragile,None,1,危,月; 危
2864,跪,kneel,None,1,危,足; 危
2865,鰐,alligator,None,1,咢,魚; 咢
2866,顎,chin,None,1,咢,咢; 頁
2867,摯,clasp,None,1,執,執; 手
2868,蟄,hibernation,None,1,執,執; 虫
2869,鰹,bonito,None,1,堅,魚; 堅
2870,樫,evergreen oak,None,1,堅,木; 堅
2871,凄,nifty,None,1,妻,冫; 妻
2872,棲,roost,None,1,妻,木; 妻
2873,鷲,eagle,None,1,就,就; 鳥
2874,蹴,kick,None,1,就,足; 就
2875,溺,drowning,None,1,弱,氵; 弱
2876,鰯,sardine,None,1,弱,魚; 弱
2877,賎,despicable,None,1,戔,貝; 戔
2878,箋,stationery,None,1,戔,竹; 戔
2879,栂,hemlock,None,1,母,木; 母
2880,苺,strawberry,None,1,母,艹; 母
2881,撫,petting,None,1,無,扌; 無
2882,蕪,turnip,None,1,無,艹; 無
2883,猥,indecent,None,1,畏,⺨; 畏
2884,隈,nook,None,1,畏,⻖; 畏
2885,彊,strengthen,None,1,畺,弓; 畺
2886,橿,sturdy oak,None,1,畺,木; 畺
2887,翫,fiddle with,None,1,習,習; 元
2888,摺,rubbing,None,1,習,扌; 習
2889,儲,make a profit,None,1,諸,亻; 諸
2890,藷,sweet potato,None,1,諸,艹; 諸
2891,壕,dugout,None,1,豪,土; 豪
2892,濠,moat,None,1,豪,氵; 豪
2893,鎚,hammer,None,1,追,金; 追
2894,槌,wooden hammer,None,1,追,木; 追
2895,籤,lottery,None,1,韱,竹; 韱
2896,懺,penitential,None,1,韱,忄; 韱
2897,齟,disagree,None,1,齒,齒; 且
2898,齬,discord,None,1,齒,齒; 吾
2899,雫,trickle,None,1,下,雨; 下
2900,亙,,None,1,互,互; 彑; 丶
2901,烹,stew,None,1,亨,亨; 灬
2902,喉,throat,None,1,侯,口; 侯
2903,鞭,whip,None,1,便,革; 便
2904,雁,wild goose,None,1,倠,厂; 倠
2905,宍,venison,None,1,六,宀; 六
2906,兇,evil,None,1,凶,凶; 儿
2907,苅,mow,None,1,刈,艹; 刈
2908,捌,deal with,None,1,別,扌; 別
2909,鋤,plow,None,1,助,金; 助
2910,葡,grape,None,1,匍,艹; 匍
2911,嘔,retch,None,1,區,口; 區
2912,倦,fed up,None,1,卷,亻; 卷
2913,糎,centimeter,None,1,厘,米; 厘
2914,蕨,bracken,None,1,厥,艹; 厥
2915,巌,,None,1,厳,山; 厳
2916,滲,seep,None,1,參,氵; 參
2917,蚤,flea,None,1,叉,叉; 虫
2918,垢,blemish,None,1,后,土; 后
2919,喬,,None,1,呑,呑; 冋
2920,廻,circling,None,1,回,回; 廴
2921,梱,bale,None,1,困,木; 困
2922,掴,clutch,None,1,国,扌; 国
2923,薗,park (alternate),None,1,園,艹; 園
2924,躊,hesitate,None,1,壽,足; 壽
2925,咎,reprehend,None,1,处,处; 口
2926,榎,hackberry,None,1,夏,木; 夏
2927,湊,port,None,1,奏,氵; 奏
2928,鄭,courtesy,None,1,奠,奠; ⻏
2929,襖,sliding door,None,1,奥,衤; 奥
2930,鸚,parakeet,None,1,嬰,嬰; 鳥
2931,勃,uprising,None,1,孛,孛; 力
2932,菰,rush mat,None,1,孤,艹; 孤
2933,遜,modest,None,1,孫,孫; 辶
2934,詫,beg another’s pardon,None,1,宅,言; 宅
2935,喧,clamor,None,1,宣,口; 宣
2936,樒,star-anise,None,1,密,木; 密
2937,尤,understandably,None,1,尢,尢; 丶
2938,厖,immense,None,1,尨,厂; 尨
2939,侭,as is,None,1,尽,亻; 尽
2940,梶,oar,None,1,尾,木; 尾
2941,屡,frequently,None,1,屎,屎; 娄
2942,癌,cancer,None,1,嵒,疒; 嵒
2943,祀,enshrine,None,1,巳,示; 巳
2944,煕,,None,1,巸,巸; 灬
2945,獅,lion,None,1,師,⺨; 師
2946,粧,cosmetics,None,1,庄,米; 庄
2947,腑,viscera,None,1,府,月; 府
2948,腐,rot,N1,10,肉,府; 肉
2949,糠,rice bran,None,1,康,米; 康
2950,傭,,None,1,庸,亻; 庸
2951,簾,bamboo blinds,None,1,廉,竹; 廉
2952,纏,summarize,None,1,廛,糸; 廛
2953,禦,fend off,None,1,御,御; 示
2954,惚,infatuation,None,1,忽,忄; 忽
2955,葱,onion,None,1,怱,艹; 怱
2956,曖,unclear,None,1,愛,日; 愛
2957,濾,strainer,None,1,慮,氵; 慮
2958,煽,fanning,None,1,扇,火; 扇
2959,做,make do,None,1,故,亻; 故
2960,傲,arrogance,None,1,敖,亻; 敖
2961,撒,sprinkle,None,1,散,扌; 散
2962,薮,quack,None,1,数,艹; 数
2963,醒,awakening,None,1,星,酉; 星
2964,洩,dribble out,None,1,曳,氵; 曳
2965,檜,Japanese cypress (old),None,1,會,木; 會
2966,慄,shudder,None,1,栗,忄; 栗
2967,篠,slender bamboo,None,1,條,竹; 條
2968,欝,,None,1,棥,棥; 罒
2969,慾,longing (old),None,1,欲,欲; 心
2970,澱,sediment,None,1,殿,氵; 殿
2971,橇,sled,None,1,毳,木; 毳
2972,箔,foil,None,1,泊,竹; 泊
2973,蒲,bullrush,None,1,浦,艹; 浦
2974,蕩,prodigal,None,1,湯,艹; 湯
2975,璽,imperial seal,None,1,爾,爾; 玉
2976,祓,exorcism,None,1,犮,示; 犮
2977,荻,reed,None,1,狄,艹; 狄
2978,嶽,Point (old),None,1,獄,山; 獄
2979,甫,,None,1,用,用; 丶
2980,聘,summons,None,1,甹,耳; 甹
2981,嫉,envy,None,1,疾,女; 疾
2982,貌,countenance,None,1,皃,豸; 皃
2983,溢,brimming,None,1,益,氵; 益
2984,蓋,lid,None,1,盍,艹; 盍
2985,驢,donkey,None,1,盧,馬; 盧
2986,挨,shove,None,1,矣,扌; 矣
2987,榊,sacred tree,None,1,神,木; 神
2988,凛,stately,None,1,禀,冫; 禀
2989,檎,apple,None,1,禽,木; 禽
2990,纂,redaction,None,1,算,算; 糸
2991,櫛,comb,None,1,節,木; 節
2992,繍,embroidery,None,1,粛,糸; 粛
2993,螺,screw,None,1,累,虫; 累
2994,躾,upbringing,None,1,美,身; 美
2995,謬,fallible,None,1,翏,言; 翏
2996,姥,aged woman,None,1,老,女; 老
2997,鰭,fish fin,None,1,耆,魚; 耆
2998,囁,whisper,None,1,聶,口; 聶
2999,嗅,sniff,None,1,臭,口; 臭; 犬
3000,緻,fine,None,1,致,糸; 致
3001,舘,,None,1,舍,舍; 官
3002,慌,disconcerted,None,1,荒,忄; 荒
3003,邁,pass through,None,1,萬,萬; 辶
3004,躇,dither,None,1,著,足; 著
3005,藁,straw,None,1,蒿,蒿; 木
3006,彪,,None,1,虎,虎; 彡
3007,蓑,straw raincoat,None,1,衰,艹; 衰
3008,撹,,None,1,覚,扌; 覚
3009,蟹,crab,None,1,解,解; 虫
3010,靄,mist,None,1,謁,雨; 謁
3011,讃,compliment,None,1,賛,言; 賛
3012,贖,expiate,None,1,賣,貝; 賣
3013,躓,stumble,None,1,質,足; 質
3014,謎,riddle,None,1,迷,言; 迷
3015,樋,downspout,None,1,通,木; 通
3016,鑓,javelin,None,1,遣,金; 遣
3017,廓,licensed quarters,None,1,郭,广; 郭
3018,埠,wharf,None,1,阜,土; 阜
3019,蔭,behind the scenes,None,1,陰,艹; 陰
3020,薙,trim,None,1,雉,艹; 雉
3021,灘,rough seas,None,1,難,氵; 難
3022,樗,sumac,None,1,雩,木; 雩
3023,鱈,cod,None,1,雪,魚; 雪
3024,瀞,river pool,None,1,静,氵; 静
3025,韮,leek,None,1,韭,艹; 韭
3026,噸,ton,None,1,頓,口; 頓
3027,瀕,on the verge of,None,1,頻,氵; 頻
3028,憑,possessed,None,1,馮,馮; 心
3029,櫓,turret,None,1,魯,木; 魯
3030,鹸,lye,None,1,鹵,鹵; 㑒
3031,麹,malt,None,1,麦,麦; 匊
3032,麺,noodles,None,1,面,麦; 面
3033,鼈,snapping turtle,None,1,黽,敝; 黽
3034,鼾,snore,None,1,鼻,鼻; 干
3035,聯,strung together,None,1,𢆶,耳; 𢆶
3036,淵,abyss (old),None,1,𣶒,氵; 𣶒
